[0.000000] (-) TimerEvent: {}
[0.000620] (launch_sim) JobQueued: {'identifier': 'launch_sim', 'dependencies': OrderedDict()}
[0.000694] (test_box_launch) JobQueued: {'identifier': 'test_box_launch', 'dependencies': OrderedDict()}
[0.000747] (wave_rover_description) JobQueued: {'identifier': 'wave_rover_description', 'dependencies': OrderedDict()}
[0.000793] (wave_rover_gazebo) JobQueued: {'identifier': 'wave_rover_gazebo', 'dependencies': OrderedDict()}
[0.000813] (launch_sim) JobStarted: {'identifier': 'launch_sim'}
[0.006825] (test_box_launch) JobStarted: {'identifier': 'test_box_launch'}
[0.011147] (wave_rover_description) JobStarted: {'identifier': 'wave_rover_description'}
[0.013723] (wave_rover_gazebo) JobStarted: {'identifier': 'wave_rover_gazebo'}
[0.099775] (-) TimerEvent: {}
[0.200075] (-) TimerEvent: {}
[0.300354] (-) TimerEvent: {}
[0.377386] (wave_rover_description) JobProgress: {'identifier': 'wave_rover_description', 'progress': 'cmake'}
[0.377810] (wave_rover_description) Command: {'cmd': ['/usr/bin/cmake', '/home/louise/Development/wave_rover_gazebo_ws/src/wave_rover_description', '-DCMAKE_INSTALL_PREFIX=/home/louise/Development/wave_rover_gazebo_ws/install/wave_rover_description'], 'cwd': '/home/louise/Development/wave_rover_gazebo_ws/build/wave_rover_description', 'env': OrderedDict([('LESSOPEN', '| /usr/bin/lesspipe %s'), ('LANGUAGE', 'en_GB:en'), ('USER', 'louise'), ('XDG_SESSION_TYPE', 'wayland'), ('SHLVL', '1'), ('LD_LIBRARY_PATH', '/opt/ros/humble/opt/rviz_ogre_vendor/lib:/opt/ros/humble/lib/x86_64-linux-gnu:/opt/ros/humble/lib'), ('HOME', '/home/louise'), ('DESKTOP_SESSION', 'ubuntu'), ('ROS_PYTHON_VERSION', '3'), ('GNOME_SHELL_SESSION_MODE', 'ubuntu'), ('GTK_MODULES', 'gail:atk-bridge'), ('DBUS_STARTER_BUS_TYPE', 'session'), ('SYSTEMD_EXEC_PID', '2322'), ('DBUS_SESSION_BUS_ADDRESS', 'unix:path=/run/user/1000/bus,guid=8f14f871245f2476237639c0688fba02'), ('COLORTERM', 'truecolor'), ('IM_CONFIG_PHASE', '1'), ('WAYLAND_DISPLAY', 'wayland-0'), ('COLCON_PREFIX_PATH', '/home/louise/Development/wave_rover_gazebo_ws/install'), ('ROS_DISTRO', 'humble'), ('LOGNAME', 'louise'), ('_', '/usr/bin/colcon'), ('ROS_VERSION', '2'), ('XDG_SESSION_CLASS', 'user'), ('USERNAME', 'louise'), ('TERM', 'xterm-256color'), ('GNOME_DESKTOP_SESSION_ID', 'this-is-deprecated'), ('ROS_LOCALHOST_ONLY', '0'), ('PATH', '/opt/ros/humble/bin:/home/louise/.local/bin:/usr/local/sbin:/usr/local/bin:/usr/sbin:/usr/bin:/sbin:/bin:/usr/games:/usr/local/games:/snap/bin:/snap/bin'), ('SESSION_MANAGER', 'local/louise-ASUS-TUF-Gaming-A15-FA507NVR-FA507NVR:@/tmp/.ICE-unix/2322,unix/louise-ASUS-TUF-Gaming-A15-FA507NVR-FA507NVR:/tmp/.ICE-unix/2322'), ('XDG_MENU_PREFIX', 'gnome-'), ('GNOME_TERMINAL_SCREEN', '/org/gnome/Terminal/screen/95b430a0_1155_439e_b27f_a0dd0699ac3b'), ('GNOME_SETUP_DISPLAY', ':1'), ('XDG_RUNTIME_DIR', '/run/user/1000'), ('DISPLAY', ':0'), ('LANG', 'en_US.UTF-8'), ('XDG_CURRENT_DESKTOP', 'ubuntu:GNOME'), ('XMODIFIERS', '@im=ibus'), ('XDG_SESSION_DESKTOP', 'ubuntu'), ('XAUTHORITY', '/run/user/1000/.mutter-Xwaylandauth.0WL892'), ('LS_COLORS', 'rs=0:di=01;34:ln=01;36:mh=00:pi=40;33:so=01;35:do=01;35:bd=40;33;01:cd=40;33;01:or=40;31;01:mi=00:su=37;41:sg=30;43:ca=30;41:tw=30;42:ow=34;42:st=37;44:ex=01;32:*.tar=01;31:*.tgz=01;31:*.arc=01;31:*.arj=01;31:*.taz=01;31:*.lha=01;31:*.lz4=01;31:*.lzh=01;31:*.lzma=01;31:*.tlz=01;31:*.txz=01;31:*.tzo=01;31:*.t7z=01;31:*.zip=01;31:*.z=01;31:*.dz=01;31:*.gz=01;31:*.lrz=01;31:*.lz=01;31:*.lzo=01;31:*.xz=01;31:*.zst=01;31:*.tzst=01;31:*.bz2=01;31:*.bz=01;31:*.tbz=01;31:*.tbz2=01;31:*.tz=01;31:*.deb=01;31:*.rpm=01;31:*.jar=01;31:*.war=01;31:*.ear=01;31:*.sar=01;31:*.rar=01;31:*.alz=01;31:*.ace=01;31:*.zoo=01;31:*.cpio=01;31:*.7z=01;31:*.rz=01;31:*.cab=01;31:*.wim=01;31:*.swm=01;31:*.dwm=01;31:*.esd=01;31:*.jpg=01;35:*.jpeg=01;35:*.mjpg=01;35:*.mjpeg=01;35:*.gif=01;35:*.bmp=01;35:*.pbm=01;35:*.pgm=01;35:*.ppm=01;35:*.tga=01;35:*.xbm=01;35:*.xpm=01;35:*.tif=01;35:*.tiff=01;35:*.png=01;35:*.svg=01;35:*.svgz=01;35:*.mng=01;35:*.pcx=01;35:*.mov=01;35:*.mpg=01;35:*.mpeg=01;35:*.m2v=01;35:*.mkv=01;35:*.webm=01;35:*.webp=01;35:*.ogm=01;35:*.mp4=01;35:*.m4v=01;35:*.mp4v=01;35:*.vob=01;35:*.qt=01;35:*.nuv=01;35:*.wmv=01;35:*.asf=01;35:*.rm=01;35:*.rmvb=01;35:*.flc=01;35:*.avi=01;35:*.fli=01;35:*.flv=01;35:*.gl=01;35:*.dl=01;35:*.xcf=01;35:*.xwd=01;35:*.yuv=01;35:*.cgm=01;35:*.emf=01;35:*.ogv=01;35:*.ogx=01;35:*.aac=00;36:*.au=00;36:*.flac=00;36:*.m4a=00;36:*.mid=00;36:*.midi=00;36:*.mka=00;36:*.mp3=00;36:*.mpc=00;36:*.ogg=00;36:*.ra=00;36:*.wav=00;36:*.oga=00;36:*.opus=00;36:*.spx=00;36:*.xspf=00;36:'), ('GNOME_TERMINAL_SERVICE', ':1.107'), ('SSH_AGENT_LAUNCHER', 'gnome-keyring'), ('SSH_AUTH_SOCK', '/run/user/1000/keyring/ssh'), ('AMENT_PREFIX_PATH', '/home/louise/Development/wave_rover_gazebo_ws/install/wave_rover_gazebo:/home/louise/Development/wave_rover_gazebo_ws/install/wave_rover_description:/home/louise/Development/wave_rover_gazebo_ws/install/test_box_launch:/home/louise/Development/wave_rover_gazebo_ws/install/launch_sim:/opt/ros/humble'), ('SHELL', '/bin/bash'), ('QT_ACCESSIBILITY', '1'), ('GDMSESSION', 'ubuntu'), ('LESSCLOSE', '/usr/bin/lesspipe %s %s'), ('QT_IM_MODULE', 'ibus'), ('PWD', '/home/louise/Development/wave_rover_gazebo_ws/build/wave_rover_description'), ('LC_ALL', 'en_US.UTF-8'), ('XDG_CONFIG_DIRS', '/etc/xdg/xdg-ubuntu:/etc/xdg'), ('DBUS_STARTER_ADDRESS', 'unix:path=/run/user/1000/bus,guid=8f14f871245f2476237639c0688fba02'), ('XDG_DATA_DIRS', '/usr/share/ubuntu:/home/louise/.local/share/flatpak/exports/share:/var/lib/flatpak/exports/share:/usr/local/share/:/usr/share/:/var/lib/snapd/desktop'), ('PYTHONPATH', '/home/louise/Development/wave_rover_gazebo_ws/install/test_box_launch/lib/python3.10/site-packages:/home/louise/Development/wave_rover_gazebo_ws/install/launch_sim/lib/python3.10/site-packages:/opt/ros/humble/lib/python3.10/site-packages:/opt/ros/humble/local/lib/python3.10/dist-packages'), ('COLCON', '1'), ('VTE_VERSION', '6800'), ('CMAKE_PREFIX_PATH', '/home/louise/Development/wave_rover_gazebo_ws/install/wave_rover_gazebo:/home/louise/Development/wave_rover_gazebo_ws/install/wave_rover_description:/home/louise/Development/wave_rover_gazebo_ws/install/test_box_launch:/home/louise/Development/wave_rover_gazebo_ws/install/launch_sim:/opt/ros/humble')]), 'shell': False}
[0.380813] (wave_rover_gazebo) JobProgress: {'identifier': 'wave_rover_gazebo', 'progress': 'cmake'}
[0.381210] (wave_rover_gazebo) Command: {'cmd': ['/usr/bin/cmake', '/home/louise/Development/wave_rover_gazebo_ws/src/wave_rover_gazebo', '-DCMAKE_INSTALL_PREFIX=/home/louise/Development/wave_rover_gazebo_ws/install/wave_rover_gazebo'], 'cwd': '/home/louise/Development/wave_rover_gazebo_ws/build/wave_rover_gazebo', 'env': OrderedDict([('LESSOPEN', '| /usr/bin/lesspipe %s'), ('LANGUAGE', 'en_GB:en'), ('USER', 'louise'), ('XDG_SESSION_TYPE', 'wayland'), ('SHLVL', '1'), ('LD_LIBRARY_PATH', '/opt/ros/humble/opt/rviz_ogre_vendor/lib:/opt/ros/humble/lib/x86_64-linux-gnu:/opt/ros/humble/lib'), ('HOME', '/home/louise'), ('DESKTOP_SESSION', 'ubuntu'), ('ROS_PYTHON_VERSION', '3'), ('GNOME_SHELL_SESSION_MODE', 'ubuntu'), ('GTK_MODULES', 'gail:atk-bridge'), ('DBUS_STARTER_BUS_TYPE', 'session'), ('SYSTEMD_EXEC_PID', '2322'), ('DBUS_SESSION_BUS_ADDRESS', 'unix:path=/run/user/1000/bus,guid=8f14f871245f2476237639c0688fba02'), ('COLORTERM', 'truecolor'), ('IM_CONFIG_PHASE', '1'), ('WAYLAND_DISPLAY', 'wayland-0'), ('COLCON_PREFIX_PATH', '/home/louise/Development/wave_rover_gazebo_ws/install'), ('ROS_DISTRO', 'humble'), ('LOGNAME', 'louise'), ('_', '/usr/bin/colcon'), ('ROS_VERSION', '2'), ('XDG_SESSION_CLASS', 'user'), ('USERNAME', 'louise'), ('TERM', 'xterm-256color'), ('GNOME_DESKTOP_SESSION_ID', 'this-is-deprecated'), ('ROS_LOCALHOST_ONLY', '0'), ('PATH', '/opt/ros/humble/bin:/home/louise/.local/bin:/usr/local/sbin:/usr/local/bin:/usr/sbin:/usr/bin:/sbin:/bin:/usr/games:/usr/local/games:/snap/bin:/snap/bin'), ('SESSION_MANAGER', 'local/louise-ASUS-TUF-Gaming-A15-FA507NVR-FA507NVR:@/tmp/.ICE-unix/2322,unix/louise-ASUS-TUF-Gaming-A15-FA507NVR-FA507NVR:/tmp/.ICE-unix/2322'), ('XDG_MENU_PREFIX', 'gnome-'), ('GNOME_TERMINAL_SCREEN', '/org/gnome/Terminal/screen/95b430a0_1155_439e_b27f_a0dd0699ac3b'), ('GNOME_SETUP_DISPLAY', ':1'), ('XDG_RUNTIME_DIR', '/run/user/1000'), ('DISPLAY', ':0'), ('LANG', 'en_US.UTF-8'), ('XDG_CURRENT_DESKTOP', 'ubuntu:GNOME'), ('XMODIFIERS', '@im=ibus'), ('XDG_SESSION_DESKTOP', 'ubuntu'), ('XAUTHORITY', '/run/user/1000/.mutter-Xwaylandauth.0WL892'), ('LS_COLORS', 'rs=0:di=01;34:ln=01;36:mh=00:pi=40;33:so=01;35:do=01;35:bd=40;33;01:cd=40;33;01:or=40;31;01:mi=00:su=37;41:sg=30;43:ca=30;41:tw=30;42:ow=34;42:st=37;44:ex=01;32:*.tar=01;31:*.tgz=01;31:*.arc=01;31:*.arj=01;31:*.taz=01;31:*.lha=01;31:*.lz4=01;31:*.lzh=01;31:*.lzma=01;31:*.tlz=01;31:*.txz=01;31:*.tzo=01;31:*.t7z=01;31:*.zip=01;31:*.z=01;31:*.dz=01;31:*.gz=01;31:*.lrz=01;31:*.lz=01;31:*.lzo=01;31:*.xz=01;31:*.zst=01;31:*.tzst=01;31:*.bz2=01;31:*.bz=01;31:*.tbz=01;31:*.tbz2=01;31:*.tz=01;31:*.deb=01;31:*.rpm=01;31:*.jar=01;31:*.war=01;31:*.ear=01;31:*.sar=01;31:*.rar=01;31:*.alz=01;31:*.ace=01;31:*.zoo=01;31:*.cpio=01;31:*.7z=01;31:*.rz=01;31:*.cab=01;31:*.wim=01;31:*.swm=01;31:*.dwm=01;31:*.esd=01;31:*.jpg=01;35:*.jpeg=01;35:*.mjpg=01;35:*.mjpeg=01;35:*.gif=01;35:*.bmp=01;35:*.pbm=01;35:*.pgm=01;35:*.ppm=01;35:*.tga=01;35:*.xbm=01;35:*.xpm=01;35:*.tif=01;35:*.tiff=01;35:*.png=01;35:*.svg=01;35:*.svgz=01;35:*.mng=01;35:*.pcx=01;35:*.mov=01;35:*.mpg=01;35:*.mpeg=01;35:*.m2v=01;35:*.mkv=01;35:*.webm=01;35:*.webp=01;35:*.ogm=01;35:*.mp4=01;35:*.m4v=01;35:*.mp4v=01;35:*.vob=01;35:*.qt=01;35:*.nuv=01;35:*.wmv=01;35:*.asf=01;35:*.rm=01;35:*.rmvb=01;35:*.flc=01;35:*.avi=01;35:*.fli=01;35:*.flv=01;35:*.gl=01;35:*.dl=01;35:*.xcf=01;35:*.xwd=01;35:*.yuv=01;35:*.cgm=01;35:*.emf=01;35:*.ogv=01;35:*.ogx=01;35:*.aac=00;36:*.au=00;36:*.flac=00;36:*.m4a=00;36:*.mid=00;36:*.midi=00;36:*.mka=00;36:*.mp3=00;36:*.mpc=00;36:*.ogg=00;36:*.ra=00;36:*.wav=00;36:*.oga=00;36:*.opus=00;36:*.spx=00;36:*.xspf=00;36:'), ('GNOME_TERMINAL_SERVICE', ':1.107'), ('SSH_AGENT_LAUNCHER', 'gnome-keyring'), ('SSH_AUTH_SOCK', '/run/user/1000/keyring/ssh'), ('AMENT_PREFIX_PATH', '/home/louise/Development/wave_rover_gazebo_ws/install/wave_rover_gazebo:/home/louise/Development/wave_rover_gazebo_ws/install/wave_rover_description:/home/louise/Development/wave_rover_gazebo_ws/install/test_box_launch:/home/louise/Development/wave_rover_gazebo_ws/install/launch_sim:/opt/ros/humble'), ('SHELL', '/bin/bash'), ('QT_ACCESSIBILITY', '1'), ('GDMSESSION', 'ubuntu'), ('LESSCLOSE', '/usr/bin/lesspipe %s %s'), ('QT_IM_MODULE', 'ibus'), ('PWD', '/home/louise/Development/wave_rover_gazebo_ws/build/wave_rover_gazebo'), ('LC_ALL', 'en_US.UTF-8'), ('XDG_CONFIG_DIRS', '/etc/xdg/xdg-ubuntu:/etc/xdg'), ('DBUS_STARTER_ADDRESS', 'unix:path=/run/user/1000/bus,guid=8f14f871245f2476237639c0688fba02'), ('XDG_DATA_DIRS', '/usr/share/ubuntu:/home/louise/.local/share/flatpak/exports/share:/var/lib/flatpak/exports/share:/usr/local/share/:/usr/share/:/var/lib/snapd/desktop'), ('PYTHONPATH', '/home/louise/Development/wave_rover_gazebo_ws/install/test_box_launch/lib/python3.10/site-packages:/home/louise/Development/wave_rover_gazebo_ws/install/launch_sim/lib/python3.10/site-packages:/opt/ros/humble/lib/python3.10/site-packages:/opt/ros/humble/local/lib/python3.10/dist-packages'), ('COLCON', '1'), ('VTE_VERSION', '6800'), ('CMAKE_PREFIX_PATH', '/home/louise/Development/wave_rover_gazebo_ws/install/wave_rover_gazebo:/home/louise/Development/wave_rover_gazebo_ws/install/wave_rover_description:/home/louise/Development/wave_rover_gazebo_ws/install/test_box_launch:/home/louise/Development/wave_rover_gazebo_ws/install/launch_sim:/opt/ros/humble')]), 'shell': False}
[0.400435] (-) TimerEvent: {}
[0.468024] (wave_rover_gazebo) StdoutLine: {'line': b'-- The C compiler identification is GNU 11.4.0\n'}
[0.468458] (wave_rover_description) StdoutLine: {'line': b'-- The C compiler identification is GNU 11.4.0\n'}
[0.500531] (-) TimerEvent: {}
[0.554123] (wave_rover_description) StdoutLine: {'line': b'-- The CXX compiler identification is GNU 11.4.0\n'}
[0.554712] (wave_rover_gazebo) StdoutLine: {'line': b'-- The CXX compiler identification is GNU 11.4.0\n'}
[0.562597] (wave_rover_gazebo) StdoutLine: {'line': b'-- Detecting C compiler ABI info\n'}
[0.562942] (wave_rover_description) StdoutLine: {'line': b'-- Detecting C compiler ABI info\n'}
[0.600615] (-) TimerEvent: {}
[0.620252] (wave_rover_gazebo) StdoutLine: {'line': b'-- Detecting C compiler ABI info - done\n'}
[0.620471] (wave_rover_description) StdoutLine: {'line': b'-- Detecting C compiler ABI info - done\n'}
[0.624962] (wave_rover_gazebo) StdoutLine: {'line': b'-- Check for working C compiler: /usr/bin/cc - skipped\n'}
[0.625331] (wave_rover_gazebo) StdoutLine: {'line': b'-- Detecting C compile features\n'}
[0.625737] (wave_rover_gazebo) StdoutLine: {'line': b'-- Detecting C compile features - done\n'}
[0.625854] (wave_rover_description) StdoutLine: {'line': b'-- Check for working C compiler: /usr/bin/cc - skipped\n'}
[0.625963] (wave_rover_description) StdoutLine: {'line': b'-- Detecting C compile features\n'}
[0.626233] (wave_rover_description) StdoutLine: {'line': b'-- Detecting C compile features - done\n'}
[0.628580] (wave_rover_description) StdoutLine: {'line': b'-- Detecting CXX compiler ABI info\n'}
[0.628771] (wave_rover_gazebo) StdoutLine: {'line': b'-- Detecting CXX compiler ABI info\n'}
[0.682460] (test_box_launch) Command: {'cmd': ['/usr/bin/python3', '-W', 'ignore:setup.py install is deprecated', '-W', 'ignore:easy_install command is deprecated', 'setup.py', 'egg_info', '--egg-base', '../../build/test_box_launch', 'build', '--build-base', '/home/louise/Development/wave_rover_gazebo_ws/build/test_box_launch/build', 'install', '--record', '/home/louise/Development/wave_rover_gazebo_ws/build/test_box_launch/install.log', '--single-version-externally-managed', 'install_data'], 'cwd': '/home/louise/Development/wave_rover_gazebo_ws/src/test_box_launch', 'env': {'LESSOPEN': '| /usr/bin/lesspipe %s', 'LANGUAGE': 'en_GB:en', 'USER': 'louise', 'XDG_SESSION_TYPE': 'wayland', 'SHLVL': '1', 'LD_LIBRARY_PATH': '/opt/ros/humble/opt/rviz_ogre_vendor/lib:/opt/ros/humble/lib/x86_64-linux-gnu:/opt/ros/humble/lib', 'HOME': '/home/louise', 'DESKTOP_SESSION': 'ubuntu', 'ROS_PYTHON_VERSION': '3', 'GNOME_SHELL_SESSION_MODE': 'ubuntu', 'GTK_MODULES': 'gail:atk-bridge', 'DBUS_STARTER_BUS_TYPE': 'session', 'SYSTEMD_EXEC_PID': '2322', 'DBUS_SESSION_BUS_ADDRESS': 'unix:path=/run/user/1000/bus,guid=8f14f871245f2476237639c0688fba02', 'COLORTERM': 'truecolor', 'IM_CONFIG_PHASE': '1', 'WAYLAND_DISPLAY': 'wayland-0', 'COLCON_PREFIX_PATH': '/home/louise/Development/wave_rover_gazebo_ws/install', 'ROS_DISTRO': 'humble', 'LOGNAME': 'louise', '_': '/usr/bin/colcon', 'ROS_VERSION': '2', 'XDG_SESSION_CLASS': 'user', 'USERNAME': 'louise', 'TERM': 'xterm-256color', 'GNOME_DESKTOP_SESSION_ID': 'this-is-deprecated', 'ROS_LOCALHOST_ONLY': '0', 'PATH': '/opt/ros/humble/bin:/home/louise/.local/bin:/usr/local/sbin:/usr/local/bin:/usr/sbin:/usr/bin:/sbin:/bin:/usr/games:/usr/local/games:/snap/bin:/snap/bin', 'SESSION_MANAGER': 'local/louise-ASUS-TUF-Gaming-A15-FA507NVR-FA507NVR:@/tmp/.ICE-unix/2322,unix/louise-ASUS-TUF-Gaming-A15-FA507NVR-FA507NVR:/tmp/.ICE-unix/2322', 'XDG_MENU_PREFIX': 'gnome-', 'GNOME_TERMINAL_SCREEN': '/org/gnome/Terminal/screen/95b430a0_1155_439e_b27f_a0dd0699ac3b', 'GNOME_SETUP_DISPLAY': ':1', 'XDG_RUNTIME_DIR': '/run/user/1000', 'DISPLAY': ':0', 'LANG': 'en_US.UTF-8', 'XDG_CURRENT_DESKTOP': 'ubuntu:GNOME', 'XMODIFIERS': '@im=ibus', 'XDG_SESSION_DESKTOP': 'ubuntu', 'XAUTHORITY': '/run/user/1000/.mutter-Xwaylandauth.0WL892', 'LS_COLORS': 'rs=0:di=01;34:ln=01;36:mh=00:pi=40;33:so=01;35:do=01;35:bd=40;33;01:cd=40;33;01:or=40;31;01:mi=00:su=37;41:sg=30;43:ca=30;41:tw=30;42:ow=34;42:st=37;44:ex=01;32:*.tar=01;31:*.tgz=01;31:*.arc=01;31:*.arj=01;31:*.taz=01;31:*.lha=01;31:*.lz4=01;31:*.lzh=01;31:*.lzma=01;31:*.tlz=01;31:*.txz=01;31:*.tzo=01;31:*.t7z=01;31:*.zip=01;31:*.z=01;31:*.dz=01;31:*.gz=01;31:*.lrz=01;31:*.lz=01;31:*.lzo=01;31:*.xz=01;31:*.zst=01;31:*.tzst=01;31:*.bz2=01;31:*.bz=01;31:*.tbz=01;31:*.tbz2=01;31:*.tz=01;31:*.deb=01;31:*.rpm=01;31:*.jar=01;31:*.war=01;31:*.ear=01;31:*.sar=01;31:*.rar=01;31:*.alz=01;31:*.ace=01;31:*.zoo=01;31:*.cpio=01;31:*.7z=01;31:*.rz=01;31:*.cab=01;31:*.wim=01;31:*.swm=01;31:*.dwm=01;31:*.esd=01;31:*.jpg=01;35:*.jpeg=01;35:*.mjpg=01;35:*.mjpeg=01;35:*.gif=01;35:*.bmp=01;35:*.pbm=01;35:*.pgm=01;35:*.ppm=01;35:*.tga=01;35:*.xbm=01;35:*.xpm=01;35:*.tif=01;35:*.tiff=01;35:*.png=01;35:*.svg=01;35:*.svgz=01;35:*.mng=01;35:*.pcx=01;35:*.mov=01;35:*.mpg=01;35:*.mpeg=01;35:*.m2v=01;35:*.mkv=01;35:*.webm=01;35:*.webp=01;35:*.ogm=01;35:*.mp4=01;35:*.m4v=01;35:*.mp4v=01;35:*.vob=01;35:*.qt=01;35:*.nuv=01;35:*.wmv=01;35:*.asf=01;35:*.rm=01;35:*.rmvb=01;35:*.flc=01;35:*.avi=01;35:*.fli=01;35:*.flv=01;35:*.gl=01;35:*.dl=01;35:*.xcf=01;35:*.xwd=01;35:*.yuv=01;35:*.cgm=01;35:*.emf=01;35:*.ogv=01;35:*.ogx=01;35:*.aac=00;36:*.au=00;36:*.flac=00;36:*.m4a=00;36:*.mid=00;36:*.midi=00;36:*.mka=00;36:*.mp3=00;36:*.mpc=00;36:*.ogg=00;36:*.ra=00;36:*.wav=00;36:*.oga=00;36:*.opus=00;36:*.spx=00;36:*.xspf=00;36:', 'GNOME_TERMINAL_SERVICE': ':1.107', 'SSH_AGENT_LAUNCHER': 'gnome-keyring', 'SSH_AUTH_SOCK': '/run/user/1000/keyring/ssh', 'AMENT_PREFIX_PATH': '/home/louise/Development/wave_rover_gazebo_ws/install/wave_rover_gazebo:/home/louise/Development/wave_rover_gazebo_ws/install/wave_rover_description:/home/louise/Development/wave_rover_gazebo_ws/install/test_box_launch:/home/louise/Development/wave_rover_gazebo_ws/install/launch_sim:/opt/ros/humble', 'SHELL': '/bin/bash', 'QT_ACCESSIBILITY': '1', 'GDMSESSION': 'ubuntu', 'LESSCLOSE': '/usr/bin/lesspipe %s %s', 'QT_IM_MODULE': 'ibus', 'PWD': '/home/louise/Development/wave_rover_gazebo_ws/build/test_box_launch', 'LC_ALL': 'en_US.UTF-8', 'XDG_CONFIG_DIRS': '/etc/xdg/xdg-ubuntu:/etc/xdg', 'DBUS_STARTER_ADDRESS': 'unix:path=/run/user/1000/bus,guid=8f14f871245f2476237639c0688fba02', 'XDG_DATA_DIRS': '/usr/share/ubuntu:/home/louise/.local/share/flatpak/exports/share:/var/lib/flatpak/exports/share:/usr/local/share/:/usr/share/:/var/lib/snapd/desktop', 'PYTHONPATH': '/home/louise/Development/wave_rover_gazebo_ws/build/test_box_launch/prefix_override:/usr/lib/python3/dist-packages/colcon_core/task/python/colcon_distutils_commands:/home/louise/Development/wave_rover_gazebo_ws/install/test_box_launch/lib/python3.10/site-packages:/home/louise/Development/wave_rover_gazebo_ws/install/test_box_launch/lib/python3.10/site-packages:/home/louise/Development/wave_rover_gazebo_ws/install/launch_sim/lib/python3.10/site-packages:/opt/ros/humble/lib/python3.10/site-packages:/opt/ros/humble/local/lib/python3.10/dist-packages', 'COLCON': '1', 'VTE_VERSION': '6800', 'CMAKE_PREFIX_PATH': '/home/louise/Development/wave_rover_gazebo_ws/install/wave_rover_gazebo:/home/louise/Development/wave_rover_gazebo_ws/install/wave_rover_description'}, 'shell': False}
[0.694060] (wave_rover_description) StdoutLine: {'line': b'-- Detecting CXX compiler ABI info - done\n'}
[0.694483] (wave_rover_gazebo) StdoutLine: {'line': b'-- Detecting CXX compiler ABI info - done\n'}
[0.696677] (launch_sim) Command: {'cmd': ['/usr/bin/python3', '-W', 'ignore:setup.py install is deprecated', '-W', 'ignore:easy_install command is deprecated', 'setup.py', 'egg_info', '--egg-base', '../../build/launch_sim', 'build', '--build-base', '/home/louise/Development/wave_rover_gazebo_ws/build/launch_sim/build', 'install', '--record', '/home/louise/Development/wave_rover_gazebo_ws/build/launch_sim/install.log', '--single-version-externally-managed', 'install_data'], 'cwd': '/home/louise/Development/wave_rover_gazebo_ws/src/launch_sim', 'env': {'LESSOPEN': '| /usr/bin/lesspipe %s', 'LANGUAGE': 'en_GB:en', 'USER': 'louise', 'XDG_SESSION_TYPE': 'wayland', 'SHLVL': '1', 'LD_LIBRARY_PATH': '/opt/ros/humble/opt/rviz_ogre_vendor/lib:/opt/ros/humble/lib/x86_64-linux-gnu:/opt/ros/humble/lib', 'HOME': '/home/louise', 'DESKTOP_SESSION': 'ubuntu', 'ROS_PYTHON_VERSION': '3', 'GNOME_SHELL_SESSION_MODE': 'ubuntu', 'GTK_MODULES': 'gail:atk-bridge', 'DBUS_STARTER_BUS_TYPE': 'session', 'SYSTEMD_EXEC_PID': '2322', 'DBUS_SESSION_BUS_ADDRESS': 'unix:path=/run/user/1000/bus,guid=8f14f871245f2476237639c0688fba02', 'COLORTERM': 'truecolor', 'IM_CONFIG_PHASE': '1', 'WAYLAND_DISPLAY': 'wayland-0', 'COLCON_PREFIX_PATH': '/home/louise/Development/wave_rover_gazebo_ws/install', 'ROS_DISTRO': 'humble', 'LOGNAME': 'louise', '_': '/usr/bin/colcon', 'ROS_VERSION': '2', 'XDG_SESSION_CLASS': 'user', 'USERNAME': 'louise', 'TERM': 'xterm-256color', 'GNOME_DESKTOP_SESSION_ID': 'this-is-deprecated', 'ROS_LOCALHOST_ONLY': '0', 'PATH': '/opt/ros/humble/bin:/home/louise/.local/bin:/usr/local/sbin:/usr/local/bin:/usr/sbin:/usr/bin:/sbin:/bin:/usr/games:/usr/local/games:/snap/bin:/snap/bin', 'SESSION_MANAGER': 'local/louise-ASUS-TUF-Gaming-A15-FA507NVR-FA507NVR:@/tmp/.ICE-unix/2322,unix/louise-ASUS-TUF-Gaming-A15-FA507NVR-FA507NVR:/tmp/.ICE-unix/2322', 'XDG_MENU_PREFIX': 'gnome-', 'GNOME_TERMINAL_SCREEN': '/org/gnome/Terminal/screen/95b430a0_1155_439e_b27f_a0dd0699ac3b', 'GNOME_SETUP_DISPLAY': ':1', 'XDG_RUNTIME_DIR': '/run/user/1000', 'DISPLAY': ':0', 'LANG': 'en_US.UTF-8', 'XDG_CURRENT_DESKTOP': 'ubuntu:GNOME', 'XMODIFIERS': '@im=ibus', 'XDG_SESSION_DESKTOP': 'ubuntu', 'XAUTHORITY': '/run/user/1000/.mutter-Xwaylandauth.0WL892', 'LS_COLORS': 'rs=0:di=01;34:ln=01;36:mh=00:pi=40;33:so=01;35:do=01;35:bd=40;33;01:cd=40;33;01:or=40;31;01:mi=00:su=37;41:sg=30;43:ca=30;41:tw=30;42:ow=34;42:st=37;44:ex=01;32:*.tar=01;31:*.tgz=01;31:*.arc=01;31:*.arj=01;31:*.taz=01;31:*.lha=01;31:*.lz4=01;31:*.lzh=01;31:*.lzma=01;31:*.tlz=01;31:*.txz=01;31:*.tzo=01;31:*.t7z=01;31:*.zip=01;31:*.z=01;31:*.dz=01;31:*.gz=01;31:*.lrz=01;31:*.lz=01;31:*.lzo=01;31:*.xz=01;31:*.zst=01;31:*.tzst=01;31:*.bz2=01;31:*.bz=01;31:*.tbz=01;31:*.tbz2=01;31:*.tz=01;31:*.deb=01;31:*.rpm=01;31:*.jar=01;31:*.war=01;31:*.ear=01;31:*.sar=01;31:*.rar=01;31:*.alz=01;31:*.ace=01;31:*.zoo=01;31:*.cpio=01;31:*.7z=01;31:*.rz=01;31:*.cab=01;31:*.wim=01;31:*.swm=01;31:*.dwm=01;31:*.esd=01;31:*.jpg=01;35:*.jpeg=01;35:*.mjpg=01;35:*.mjpeg=01;35:*.gif=01;35:*.bmp=01;35:*.pbm=01;35:*.pgm=01;35:*.ppm=01;35:*.tga=01;35:*.xbm=01;35:*.xpm=01;35:*.tif=01;35:*.tiff=01;35:*.png=01;35:*.svg=01;35:*.svgz=01;35:*.mng=01;35:*.pcx=01;35:*.mov=01;35:*.mpg=01;35:*.mpeg=01;35:*.m2v=01;35:*.mkv=01;35:*.webm=01;35:*.webp=01;35:*.ogm=01;35:*.mp4=01;35:*.m4v=01;35:*.mp4v=01;35:*.vob=01;35:*.qt=01;35:*.nuv=01;35:*.wmv=01;35:*.asf=01;35:*.rm=01;35:*.rmvb=01;35:*.flc=01;35:*.avi=01;35:*.fli=01;35:*.flv=01;35:*.gl=01;35:*.dl=01;35:*.xcf=01;35:*.xwd=01;35:*.yuv=01;35:*.cgm=01;35:*.emf=01;35:*.ogv=01;35:*.ogx=01;35:*.aac=00;36:*.au=00;36:*.flac=00;36:*.m4a=00;36:*.mid=00;36:*.midi=00;36:*.mka=00;36:*.mp3=00;36:*.mpc=00;36:*.ogg=00;36:*.ra=00;36:*.wav=00;36:*.oga=00;36:*.opus=00;36:*.spx=00;36:*.xspf=00;36:', 'GNOME_TERMINAL_SERVICE': ':1.107', 'SSH_AGENT_LAUNCHER': 'gnome-keyring', 'SSH_AUTH_SOCK': '/run/user/1000/keyring/ssh', 'AMENT_PREFIX_PATH': '/home/louise/Development/wave_rover_gazebo_ws/install/wave_rover_gazebo:/home/louise/Development/wave_rover_gazebo_ws/install/wave_rover_description:/home/louise/Development/wave_rover_gazebo_ws/install/test_box_launch:/home/louise/Development/wave_rover_gazebo_ws/install/launch_sim:/opt/ros/humble', 'SHELL': '/bin/bash', 'QT_ACCESSIBILITY': '1', 'GDMSESSION': 'ubuntu', 'LESSCLOSE': '/usr/bin/lesspipe %s %s', 'QT_IM_MODULE': 'ibus', 'PWD': '/home/louise/Development/wave_rover_gazebo_ws/build/launch_sim', 'LC_ALL': 'en_US.UTF-8', 'XDG_CONFIG_DIRS': '/etc/xdg/xdg-ubuntu:/etc/xdg', 'DBUS_STARTER_ADDRESS': 'unix:path=/run/user/1000/bus,guid=8f14f871245f2476237639c0688fba02', 'XDG_DATA_DIRS': '/usr/share/ubuntu:/home/louise/.local/share/flatpak/exports/share:/var/lib/flatpak/exports/share:/usr/local/share/:/usr/share/:/var/lib/snapd/desktop', 'PYTHONPATH': '/home/louise/Development/wave_rover_gazebo_ws/build/launch_sim/prefix_override:/usr/lib/python3/dist-packages/colcon_core/task/python/colcon_distutils_commands:/home/louise/Development/wave_rover_gazebo_ws/install/launch_sim/lib/python3.10/site-packages:/home/louise/Development/wave_rover_gazebo_ws/install/test_box_launch/lib/python3.10/site-packages:/home/louise/Development/wave_rover_gazebo_ws/install/launch_sim/lib/python3.10/site-packages:/opt/ros/humble/lib/python3.10/site-packages:/opt/ros/humble/local/lib/python3.10/dist-packages', 'COLCON': '1', 'VTE_VERSION': '6800', 'CMAKE_PREFIX_PATH': '/home/louise/Development/wave_rover_gazebo_ws/install/wave_rover_gazebo:/home/louise/Development/wave_rover_gazebo_ws/install/wave_rover_description'}, 'shell': False}
[0.698956] (wave_rover_description) StdoutLine: {'line': b'-- Check for working CXX compiler: /usr/bin/c++ - skipped\n'}
[0.699164] (wave_rover_description) StdoutLine: {'line': b'-- Detecting CXX compile features\n'}
[0.699443] (wave_rover_description) StdoutLine: {'line': b'-- Detecting CXX compile features - done\n'}
[0.699932] (wave_rover_gazebo) StdoutLine: {'line': b'-- Check for working CXX compiler: /usr/bin/c++ - skipped\n'}
[0.700138] (wave_rover_gazebo) StdoutLine: {'line': b'-- Detecting CXX compile features\n'}
[0.700460] (wave_rover_gazebo) StdoutLine: {'line': b'-- Detecting CXX compile features - done\n'}
[0.700674] (-) TimerEvent: {}
[0.702226] (wave_rover_description) StdoutLine: {'line': b'-- Found ament_cmake: 1.3.11 (/opt/ros/humble/share/ament_cmake/cmake)\n'}
[0.702293] (wave_rover_gazebo) StdoutLine: {'line': b'-- Found ament_cmake: 1.3.11 (/opt/ros/humble/share/ament_cmake/cmake)\n'}
[0.800792] (-) TimerEvent: {}
[0.817476] (wave_rover_description) StdoutLine: {'line': b'-- Found Python3: /usr/bin/python3 (found version "3.10.12") found components: Interpreter \n'}
[0.817680] (wave_rover_gazebo) StdoutLine: {'line': b'-- Found Python3: /usr/bin/python3 (found version "3.10.12") found components: Interpreter \n'}
[0.855050] (test_box_launch) StdoutLine: {'line': b'running egg_info\n'}
[0.855586] (test_box_launch) StdoutLine: {'line': b'creating ../../build/test_box_launch/test_box_launch.egg-info\n'}
[0.855785] (test_box_launch) StdoutLine: {'line': b'writing ../../build/test_box_launch/test_box_launch.egg-info/PKG-INFO\n'}
[0.855986] (test_box_launch) StdoutLine: {'line': b'writing dependency_links to ../../build/test_box_launch/test_box_launch.egg-info/dependency_links.txt\n'}
[0.856130] (test_box_launch) StdoutLine: {'line': b'writing entry points to ../../build/test_box_launch/test_box_launch.egg-info/entry_points.txt\n'}
[0.856356] (test_box_launch) StdoutLine: {'line': b'writing requirements to ../../build/test_box_launch/test_box_launch.egg-info/requires.txt\n'}
[0.856425] (test_box_launch) StdoutLine: {'line': b'writing top-level names to ../../build/test_box_launch/test_box_launch.egg-info/top_level.txt\n'}
[0.856470] (test_box_launch) StdoutLine: {'line': b"writing manifest file '../../build/test_box_launch/test_box_launch.egg-info/SOURCES.txt'\n"}
[0.857287] (test_box_launch) StdoutLine: {'line': b"reading manifest file '../../build/test_box_launch/test_box_launch.egg-info/SOURCES.txt'\n"}
[0.857780] (test_box_launch) StdoutLine: {'line': b"writing manifest file '../../build/test_box_launch/test_box_launch.egg-info/SOURCES.txt'\n"}
[0.857953] (test_box_launch) StdoutLine: {'line': b'running build\n'}
[0.858056] (test_box_launch) StdoutLine: {'line': b'running build_py\n'}
[0.858186] (test_box_launch) StdoutLine: {'line': b'creating /home/louise/Development/wave_rover_gazebo_ws/build/test_box_launch/build\n'}
[0.858293] (test_box_launch) StdoutLine: {'line': b'creating /home/louise/Development/wave_rover_gazebo_ws/build/test_box_launch/build/lib\n'}
[0.858370] (test_box_launch) StdoutLine: {'line': b'creating /home/louise/Development/wave_rover_gazebo_ws/build/test_box_launch/build/lib/test_box_launch\n'}
[0.858447] (test_box_launch) StdoutLine: {'line': b'copying test_box_launch/__init__.py -> /home/louise/Development/wave_rover_gazebo_ws/build/test_box_launch/build/lib/test_box_launch\n'}
[0.858523] (test_box_launch) StdoutLine: {'line': b'running install\n'}
[0.858619] (test_box_launch) StdoutLine: {'line': b'running install_lib\n'}
[0.858836] (test_box_launch) StdoutLine: {'line': b'creating /home/louise/Development/wave_rover_gazebo_ws/install/test_box_launch/lib/python3.10/site-packages/test_box_launch\n'}
[0.858904] (test_box_launch) StdoutLine: {'line': b'copying /home/louise/Development/wave_rover_gazebo_ws/build/test_box_launch/build/lib/test_box_launch/__init__.py -> /home/louise/Development/wave_rover_gazebo_ws/install/test_box_launch/lib/python3.10/site-packages/test_box_launch\n'}
[0.859251] (test_box_launch) StdoutLine: {'line': b'byte-compiling /home/louise/Development/wave_rover_gazebo_ws/install/test_box_launch/lib/python3.10/site-packages/test_box_launch/__init__.py to __init__.cpython-310.pyc\n'}
[0.859394] (test_box_launch) StdoutLine: {'line': b'running install_data\n'}
[0.859453] (test_box_launch) StdoutLine: {'line': b'creating /home/louise/Development/wave_rover_gazebo_ws/install/test_box_launch/share/ament_index\n'}
[0.859513] (test_box_launch) StdoutLine: {'line': b'creating /home/louise/Development/wave_rover_gazebo_ws/install/test_box_launch/share/ament_index/resource_index\n'}
[0.859573] (test_box_launch) StdoutLine: {'line': b'creating /home/louise/Development/wave_rover_gazebo_ws/install/test_box_launch/share/ament_index/resource_index/packages\n'}
[0.859626] (test_box_launch) StdoutLine: {'line': b'copying resource/test_box_launch -> /home/louise/Development/wave_rover_gazebo_ws/install/test_box_launch/share/ament_index/resource_index/packages\n'}
[0.859678] (test_box_launch) StdoutLine: {'line': b'copying package.xml -> /home/louise/Development/wave_rover_gazebo_ws/install/test_box_launch/share/test_box_launch\n'}
[0.859753] (test_box_launch) StdoutLine: {'line': b'creating /home/louise/Development/wave_rover_gazebo_ws/install/test_box_launch/share/test_box_launch/launch\n'}
[0.859811] (test_box_launch) StdoutLine: {'line': b'copying launch/display_box.launch.py -> /home/louise/Development/wave_rover_gazebo_ws/install/test_box_launch/share/test_box_launch/launch\n'}
[0.860027] (test_box_launch) StdoutLine: {'line': b'running install_egg_info\n'}
[0.862578] (test_box_launch) StdoutLine: {'line': b'Copying ../../build/test_box_launch/test_box_launch.egg-info to /home/louise/Development/wave_rover_gazebo_ws/install/test_box_launch/lib/python3.10/site-packages/test_box_launch-0.0.0-py3.10.egg-info\n'}
[0.863278] (test_box_launch) StdoutLine: {'line': b'running install_scripts\n'}
[0.866123] (launch_sim) StdoutLine: {'line': b'running egg_info\n'}
[0.866572] (launch_sim) StdoutLine: {'line': b'creating ../../build/launch_sim/launch_sim.egg-info\n'}
[0.866767] (launch_sim) StdoutLine: {'line': b'writing ../../build/launch_sim/launch_sim.egg-info/PKG-INFO\n'}
[0.867772] (launch_sim) StdoutLine: {'line': b'writing dependency_links to ../../build/launch_sim/launch_sim.egg-info/dependency_links.txt\n'}
[0.867913] (launch_sim) StdoutLine: {'line': b'writing entry points to ../../build/launch_sim/launch_sim.egg-info/entry_points.txt\n'}
[0.868033] (launch_sim) StdoutLine: {'line': b'writing requirements to ../../build/launch_sim/launch_sim.egg-info/requires.txt\n'}
[0.868132] (launch_sim) StdoutLine: {'line': b'writing top-level names to ../../build/launch_sim/launch_sim.egg-info/top_level.txt\n'}
[0.868228] (launch_sim) StdoutLine: {'line': b"writing manifest file '../../build/launch_sim/launch_sim.egg-info/SOURCES.txt'\n"}
[0.869160] (launch_sim) StdoutLine: {'line': b"reading manifest file '../../build/launch_sim/launch_sim.egg-info/SOURCES.txt'\n"}
[0.869681] (launch_sim) StdoutLine: {'line': b"writing manifest file '../../build/launch_sim/launch_sim.egg-info/SOURCES.txt'\n"}
[0.869751] (launch_sim) StdoutLine: {'line': b'running build\n'}
[0.869791] (launch_sim) StdoutLine: {'line': b'running build_py\n'}
[0.869839] (launch_sim) StdoutLine: {'line': b'creating /home/louise/Development/wave_rover_gazebo_ws/build/launch_sim/build\n'}
[0.869907] (launch_sim) StdoutLine: {'line': b'creating /home/louise/Development/wave_rover_gazebo_ws/build/launch_sim/build/lib\n'}
[0.869962] (launch_sim) StdoutLine: {'line': b'creating /home/louise/Development/wave_rover_gazebo_ws/build/launch_sim/build/lib/launch_sim\n'}
[0.869999] (launch_sim) StdoutLine: {'line': b'copying launch_sim/__init__.py -> /home/louise/Development/wave_rover_gazebo_ws/build/launch_sim/build/lib/launch_sim\n'}
[0.870059] (launch_sim) StdoutLine: {'line': b'running install\n'}
[0.870255] (launch_sim) StdoutLine: {'line': b'running install_lib\n'}
[0.870676] (launch_sim) StdoutLine: {'line': b'creating /home/louise/Development/wave_rover_gazebo_ws/install/launch_sim/lib/python3.10/site-packages/launch_sim\n'}
[0.870738] (launch_sim) StdoutLine: {'line': b'copying /home/louise/Development/wave_rover_gazebo_ws/build/launch_sim/build/lib/launch_sim/__init__.py -> /home/louise/Development/wave_rover_gazebo_ws/install/launch_sim/lib/python3.10/site-packages/launch_sim\n'}
[0.871063] (launch_sim) StdoutLine: {'line': b'byte-compiling /home/louise/Development/wave_rover_gazebo_ws/install/launch_sim/lib/python3.10/site-packages/launch_sim/__init__.py to __init__.cpython-310.pyc\n'}
[0.871219] (launch_sim) StdoutLine: {'line': b'running install_data\n'}
[0.871285] (launch_sim) StdoutLine: {'line': b'creating /home/louise/Development/wave_rover_gazebo_ws/install/launch_sim/share/ament_index\n'}
[0.871360] (launch_sim) StdoutLine: {'line': b'creating /home/louise/Development/wave_rover_gazebo_ws/install/launch_sim/share/ament_index/resource_index\n'}
[0.871414] (launch_sim) StdoutLine: {'line': b'creating /home/louise/Development/wave_rover_gazebo_ws/install/launch_sim/share/ament_index/resource_index/packages\n'}
[0.871449] (launch_sim) StdoutLine: {'line': b'copying resource/launch_sim -> /home/louise/Development/wave_rover_gazebo_ws/install/launch_sim/share/ament_index/resource_index/packages\n'}
[0.871498] (launch_sim) StdoutLine: {'line': b'copying package.xml -> /home/louise/Development/wave_rover_gazebo_ws/install/launch_sim/share/launch_sim\n'}
[0.871544] (launch_sim) StdoutLine: {'line': b'creating /home/louise/Development/wave_rover_gazebo_ws/install/launch_sim/share/launch_sim/launch\n'}
[0.871597] (launch_sim) StdoutLine: {'line': b'copying launch/rover_fortress.launch.py -> /home/louise/Development/wave_rover_gazebo_ws/install/launch_sim/share/launch_sim/launch\n'}
[0.871840] (launch_sim) StdoutLine: {'line': b'copying launch/newest.launch.py -> /home/louise/Development/wave_rover_gazebo_ws/install/launch_sim/share/launch_sim/launch\n'}
[0.872070] (launch_sim) StdoutLine: {'line': b'copying launch/test_minimal.launch.py -> /home/louise/Development/wave_rover_gazebo_ws/install/launch_sim/share/launch_sim/launch\n'}
[0.872314] (launch_sim) StdoutLine: {'line': b'copying launch/simple_fortress.launch.py -> /home/louise/Development/wave_rover_gazebo_ws/install/launch_sim/share/launch_sim/launch\n'}
[0.872378] (launch_sim) StdoutLine: {'line': b'copying launch/simulator.launch.py -> /home/louise/Development/wave_rover_gazebo_ws/install/launch_sim/share/launch_sim/launch\n'}
[0.872609] (launch_sim) StdoutLine: {'line': b'copying launch/view_robot.launch.py -> /home/louise/Development/wave_rover_gazebo_ws/install/launch_sim/share/launch_sim/launch\n'}
[0.872776] (launch_sim) StdoutLine: {'line': b'copying launch/FIX_LAUNCH.launch.py -> /home/louise/Development/wave_rover_gazebo_ws/install/launch_sim/share/launch_sim/launch\n'}
[0.873012] (launch_sim) StdoutLine: {'line': b'copying launch/rsp.launch.py -> /home/louise/Development/wave_rover_gazebo_ws/install/launch_sim/share/launch_sim/launch\n'}
[0.873252] (launch_sim) StdoutLine: {'line': b'copying launch/sim_fortress.launch.py -> /home/louise/Development/wave_rover_gazebo_ws/install/launch_sim/share/launch_sim/launch\n'}
[0.873311] (launch_sim) StdoutLine: {'line': b'copying launch/debug_robot.launch.py -> /home/louise/Development/wave_rover_gazebo_ws/install/launch_sim/share/launch_sim/launch\n'}
[0.873549] (launch_sim) StdoutLine: {'line': b'copying launch/minimal_gazebo.launch.py -> /home/louise/Development/wave_rover_gazebo_ws/install/launch_sim/share/launch_sim/launch\n'}
[0.873775] (launch_sim) StdoutLine: {'line': b'copying launch/SIMLAUNCHER.launch.py -> /home/louise/Development/wave_rover_gazebo_ws/install/launch_sim/share/launch_sim/launch\n'}
[0.874105] (launch_sim) StdoutLine: {'line': b'copying launch/rover_fortress_simple.launch.py -> /home/louise/Development/wave_rover_gazebo_ws/install/launch_sim/share/launch_sim/launch\n'}
[0.874339] (launch_sim) StdoutLine: {'line': b'copying launch/test_simple_sdf.launch.py -> /home/louise/Development/wave_rover_gazebo_ws/install/launch_sim/share/launch_sim/launch\n'}
[0.874562] (launch_sim) StdoutLine: {'line': b'copying launch/test_clean_sdf.launch.py -> /home/louise/Development/wave_rover_gazebo_ws/install/launch_sim/share/launch_sim/launch\n'}
[0.874796] (launch_sim) StdoutLine: {'line': b'copying launch/sim.launch.py -> /home/louise/Development/wave_rover_gazebo_ws/install/launch_sim/share/launch_sim/launch\n'}
[0.874931] (launch_sim) StdoutLine: {'line': b'running install_egg_info\n'}
[0.876163] (launch_sim) StdoutLine: {'line': b'Copying ../../build/launch_sim/launch_sim.egg-info to /home/louise/Development/wave_rover_gazebo_ws/install/launch_sim/lib/python3.10/site-packages/launch_sim-0.0.0-py3.10.egg-info\n'}
[0.876843] (launch_sim) StdoutLine: {'line': b'running install_scripts\n'}
[0.878015] (test_box_launch) StdoutLine: {'line': b"writing list of installed files to '/home/louise/Development/wave_rover_gazebo_ws/build/test_box_launch/install.log'\n"}
[0.890768] (launch_sim) StdoutLine: {'line': b"writing list of installed files to '/home/louise/Development/wave_rover_gazebo_ws/build/launch_sim/install.log'\n"}
[0.897360] (wave_rover_description) StdoutLine: {'line': b'-- Found ament_lint_auto: 0.12.12 (/opt/ros/humble/share/ament_lint_auto/cmake)\n'}
[0.897574] (wave_rover_gazebo) StdoutLine: {'line': b'-- Found ament_lint_auto: 0.12.12 (/opt/ros/humble/share/ament_lint_auto/cmake)\n'}
[0.900646] (test_box_launch) CommandEnded: {'returncode': 0}
[0.900971] (-) TimerEvent: {}
[0.907624] (test_box_launch) JobEnded: {'identifier': 'test_box_launch', 'rc': 0}
[0.911381] (launch_sim) CommandEnded: {'returncode': 0}
[0.915332] (launch_sim) JobEnded: {'identifier': 'launch_sim', 'rc': 0}
[0.959658] (wave_rover_gazebo) StdoutLine: {'line': b"-- Added test 'lint_cmake' to check CMake code style\n"}
[0.960506] (wave_rover_gazebo) StdoutLine: {'line': b"-- Added test 'xmllint' to check XML markup files\n"}
[0.961692] (wave_rover_gazebo) StdoutLine: {'line': b'-- Configuring done\n'}
[0.963957] (wave_rover_gazebo) StdoutLine: {'line': b'-- Generating done\n'}
[0.964326] (wave_rover_description) StdoutLine: {'line': b"-- Added test 'flake8' to check Python code syntax and style conventions\n"}
[0.965220] (wave_rover_gazebo) StdoutLine: {'line': b'-- Build files have been written to: /home/louise/Development/wave_rover_gazebo_ws/build/wave_rover_gazebo\n'}
[0.965742] (wave_rover_description) StdoutLine: {'line': b"-- Added test 'lint_cmake' to check CMake code style\n"}
[0.966594] (wave_rover_description) StdoutLine: {'line': b"-- Added test 'pep257' to check Python code against some of the docstring style conventions in PEP 257\n"}
[0.968797] (wave_rover_gazebo) CommandEnded: {'returncode': 0}
[0.969294] (wave_rover_gazebo) JobProgress: {'identifier': 'wave_rover_gazebo', 'progress': 'build'}
[0.970304] (wave_rover_gazebo) Command: {'cmd': ['/usr/bin/cmake', '--build', '/home/louise/Development/wave_rover_gazebo_ws/build/wave_rover_gazebo', '--', '-j16', '-l16'], 'cwd': '/home/louise/Development/wave_rover_gazebo_ws/build/wave_rover_gazebo', 'env': OrderedDict([('LESSOPEN', '| /usr/bin/lesspipe %s'), ('LANGUAGE', 'en_GB:en'), ('USER', 'louise'), ('XDG_SESSION_TYPE', 'wayland'), ('SHLVL', '1'), ('LD_LIBRARY_PATH', '/opt/ros/humble/opt/rviz_ogre_vendor/lib:/opt/ros/humble/lib/x86_64-linux-gnu:/opt/ros/humble/lib'), ('HOME', '/home/louise'), ('DESKTOP_SESSION', 'ubuntu'), ('ROS_PYTHON_VERSION', '3'), ('GNOME_SHELL_SESSION_MODE', 'ubuntu'), ('GTK_MODULES', 'gail:atk-bridge'), ('DBUS_STARTER_BUS_TYPE', 'session'), ('SYSTEMD_EXEC_PID', '2322'), ('DBUS_SESSION_BUS_ADDRESS', 'unix:path=/run/user/1000/bus,guid=8f14f871245f2476237639c0688fba02'), ('COLORTERM', 'truecolor'), ('IM_CONFIG_PHASE', '1'), ('WAYLAND_DISPLAY', 'wayland-0'), ('COLCON_PREFIX_PATH', '/home/louise/Development/wave_rover_gazebo_ws/install'), ('ROS_DISTRO', 'humble'), ('LOGNAME', 'louise'), ('_', '/usr/bin/colcon'), ('ROS_VERSION', '2'), ('XDG_SESSION_CLASS', 'user'), ('USERNAME', 'louise'), ('TERM', 'xterm-256color'), ('GNOME_DESKTOP_SESSION_ID', 'this-is-deprecated'), ('ROS_LOCALHOST_ONLY', '0'), ('PATH', '/opt/ros/humble/bin:/home/louise/.local/bin:/usr/local/sbin:/usr/local/bin:/usr/sbin:/usr/bin:/sbin:/bin:/usr/games:/usr/local/games:/snap/bin:/snap/bin'), ('SESSION_MANAGER', 'local/louise-ASUS-TUF-Gaming-A15-FA507NVR-FA507NVR:@/tmp/.ICE-unix/2322,unix/louise-ASUS-TUF-Gaming-A15-FA507NVR-FA507NVR:/tmp/.ICE-unix/2322'), ('XDG_MENU_PREFIX', 'gnome-'), ('GNOME_TERMINAL_SCREEN', '/org/gnome/Terminal/screen/95b430a0_1155_439e_b27f_a0dd0699ac3b'), ('GNOME_SETUP_DISPLAY', ':1'), ('XDG_RUNTIME_DIR', '/run/user/1000'), ('DISPLAY', ':0'), ('LANG', 'en_US.UTF-8'), ('XDG_CURRENT_DESKTOP', 'ubuntu:GNOME'), ('XMODIFIERS', '@im=ibus'), ('XDG_SESSION_DESKTOP', 'ubuntu'), ('XAUTHORITY', '/run/user/1000/.mutter-Xwaylandauth.0WL892'), ('LS_COLORS', 'rs=0:di=01;34:ln=01;36:mh=00:pi=40;33:so=01;35:do=01;35:bd=40;33;01:cd=40;33;01:or=40;31;01:mi=00:su=37;41:sg=30;43:ca=30;41:tw=30;42:ow=34;42:st=37;44:ex=01;32:*.tar=01;31:*.tgz=01;31:*.arc=01;31:*.arj=01;31:*.taz=01;31:*.lha=01;31:*.lz4=01;31:*.lzh=01;31:*.lzma=01;31:*.tlz=01;31:*.txz=01;31:*.tzo=01;31:*.t7z=01;31:*.zip=01;31:*.z=01;31:*.dz=01;31:*.gz=01;31:*.lrz=01;31:*.lz=01;31:*.lzo=01;31:*.xz=01;31:*.zst=01;31:*.tzst=01;31:*.bz2=01;31:*.bz=01;31:*.tbz=01;31:*.tbz2=01;31:*.tz=01;31:*.deb=01;31:*.rpm=01;31:*.jar=01;31:*.war=01;31:*.ear=01;31:*.sar=01;31:*.rar=01;31:*.alz=01;31:*.ace=01;31:*.zoo=01;31:*.cpio=01;31:*.7z=01;31:*.rz=01;31:*.cab=01;31:*.wim=01;31:*.swm=01;31:*.dwm=01;31:*.esd=01;31:*.jpg=01;35:*.jpeg=01;35:*.mjpg=01;35:*.mjpeg=01;35:*.gif=01;35:*.bmp=01;35:*.pbm=01;35:*.pgm=01;35:*.ppm=01;35:*.tga=01;35:*.xbm=01;35:*.xpm=01;35:*.tif=01;35:*.tiff=01;35:*.png=01;35:*.svg=01;35:*.svgz=01;35:*.mng=01;35:*.pcx=01;35:*.mov=01;35:*.mpg=01;35:*.mpeg=01;35:*.m2v=01;35:*.mkv=01;35:*.webm=01;35:*.webp=01;35:*.ogm=01;35:*.mp4=01;35:*.m4v=01;35:*.mp4v=01;35:*.vob=01;35:*.qt=01;35:*.nuv=01;35:*.wmv=01;35:*.asf=01;35:*.rm=01;35:*.rmvb=01;35:*.flc=01;35:*.avi=01;35:*.fli=01;35:*.flv=01;35:*.gl=01;35:*.dl=01;35:*.xcf=01;35:*.xwd=01;35:*.yuv=01;35:*.cgm=01;35:*.emf=01;35:*.ogv=01;35:*.ogx=01;35:*.aac=00;36:*.au=00;36:*.flac=00;36:*.m4a=00;36:*.mid=00;36:*.midi=00;36:*.mka=00;36:*.mp3=00;36:*.mpc=00;36:*.ogg=00;36:*.ra=00;36:*.wav=00;36:*.oga=00;36:*.opus=00;36:*.spx=00;36:*.xspf=00;36:'), ('GNOME_TERMINAL_SERVICE', ':1.107'), ('SSH_AGENT_LAUNCHER', 'gnome-keyring'), ('SSH_AUTH_SOCK', '/run/user/1000/keyring/ssh'), ('AMENT_PREFIX_PATH', '/home/louise/Development/wave_rover_gazebo_ws/install/wave_rover_gazebo:/home/louise/Development/wave_rover_gazebo_ws/install/wave_rover_description:/home/louise/Development/wave_rover_gazebo_ws/install/test_box_launch:/home/louise/Development/wave_rover_gazebo_ws/install/launch_sim:/opt/ros/humble'), ('SHELL', '/bin/bash'), ('QT_ACCESSIBILITY', '1'), ('GDMSESSION', 'ubuntu'), ('LESSCLOSE', '/usr/bin/lesspipe %s %s'), ('QT_IM_MODULE', 'ibus'), ('PWD', '/home/louise/Development/wave_rover_gazebo_ws/build/wave_rover_gazebo'), ('LC_ALL', 'en_US.UTF-8'), ('XDG_CONFIG_DIRS', '/etc/xdg/xdg-ubuntu:/etc/xdg'), ('DBUS_STARTER_ADDRESS', 'unix:path=/run/user/1000/bus,guid=8f14f871245f2476237639c0688fba02'), ('XDG_DATA_DIRS', '/usr/share/ubuntu:/home/louise/.local/share/flatpak/exports/share:/var/lib/flatpak/exports/share:/usr/local/share/:/usr/share/:/var/lib/snapd/desktop'), ('PYTHONPATH', '/home/louise/Development/wave_rover_gazebo_ws/install/test_box_launch/lib/python3.10/site-packages:/home/louise/Development/wave_rover_gazebo_ws/install/launch_sim/lib/python3.10/site-packages:/opt/ros/humble/lib/python3.10/site-packages:/opt/ros/humble/local/lib/python3.10/dist-packages'), ('COLCON', '1'), ('VTE_VERSION', '6800'), ('CMAKE_PREFIX_PATH', '/home/louise/Development/wave_rover_gazebo_ws/install/wave_rover_gazebo:/home/louise/Development/wave_rover_gazebo_ws/install/wave_rover_description:/home/louise/Development/wave_rover_gazebo_ws/install/test_box_launch:/home/louise/Development/wave_rover_gazebo_ws/install/launch_sim:/opt/ros/humble')]), 'shell': False}
[0.971946] (wave_rover_description) StdoutLine: {'line': b"-- Added test 'xmllint' to check XML markup files\n"}
[0.972941] (wave_rover_description) StdoutLine: {'line': b'-- Configuring done\n'}
[0.975309] (wave_rover_description) StdoutLine: {'line': b'-- Generating done\n'}
[0.976605] (wave_rover_description) StdoutLine: {'line': b'-- Build files have been written to: /home/louise/Development/wave_rover_gazebo_ws/build/wave_rover_description\n'}
[0.980118] (wave_rover_description) CommandEnded: {'returncode': 0}
[0.980564] (wave_rover_description) JobProgress: {'identifier': 'wave_rover_description', 'progress': 'build'}
[0.980970] (wave_rover_description) Command: {'cmd': ['/usr/bin/cmake', '--build', '/home/louise/Development/wave_rover_gazebo_ws/build/wave_rover_description', '--', '-j16', '-l16'], 'cwd': '/home/louise/Development/wave_rover_gazebo_ws/build/wave_rover_description', 'env': OrderedDict([('LESSOPEN', '| /usr/bin/lesspipe %s'), ('LANGUAGE', 'en_GB:en'), ('USER', 'louise'), ('XDG_SESSION_TYPE', 'wayland'), ('SHLVL', '1'), ('LD_LIBRARY_PATH', '/opt/ros/humble/opt/rviz_ogre_vendor/lib:/opt/ros/humble/lib/x86_64-linux-gnu:/opt/ros/humble/lib'), ('HOME', '/home/louise'), ('DESKTOP_SESSION', 'ubuntu'), ('ROS_PYTHON_VERSION', '3'), ('GNOME_SHELL_SESSION_MODE', 'ubuntu'), ('GTK_MODULES', 'gail:atk-bridge'), ('DBUS_STARTER_BUS_TYPE', 'session'), ('SYSTEMD_EXEC_PID', '2322'), ('DBUS_SESSION_BUS_ADDRESS', 'unix:path=/run/user/1000/bus,guid=8f14f871245f2476237639c0688fba02'), ('COLORTERM', 'truecolor'), ('IM_CONFIG_PHASE', '1'), ('WAYLAND_DISPLAY', 'wayland-0'), ('COLCON_PREFIX_PATH', '/home/louise/Development/wave_rover_gazebo_ws/install'), ('ROS_DISTRO', 'humble'), ('LOGNAME', 'louise'), ('_', '/usr/bin/colcon'), ('ROS_VERSION', '2'), ('XDG_SESSION_CLASS', 'user'), ('USERNAME', 'louise'), ('TERM', 'xterm-256color'), ('GNOME_DESKTOP_SESSION_ID', 'this-is-deprecated'), ('ROS_LOCALHOST_ONLY', '0'), ('PATH', '/opt/ros/humble/bin:/home/louise/.local/bin:/usr/local/sbin:/usr/local/bin:/usr/sbin:/usr/bin:/sbin:/bin:/usr/games:/usr/local/games:/snap/bin:/snap/bin'), ('SESSION_MANAGER', 'local/louise-ASUS-TUF-Gaming-A15-FA507NVR-FA507NVR:@/tmp/.ICE-unix/2322,unix/louise-ASUS-TUF-Gaming-A15-FA507NVR-FA507NVR:/tmp/.ICE-unix/2322'), ('XDG_MENU_PREFIX', 'gnome-'), ('GNOME_TERMINAL_SCREEN', '/org/gnome/Terminal/screen/95b430a0_1155_439e_b27f_a0dd0699ac3b'), ('GNOME_SETUP_DISPLAY', ':1'), ('XDG_RUNTIME_DIR', '/run/user/1000'), ('DISPLAY', ':0'), ('LANG', 'en_US.UTF-8'), ('XDG_CURRENT_DESKTOP', 'ubuntu:GNOME'), ('XMODIFIERS', '@im=ibus'), ('XDG_SESSION_DESKTOP', 'ubuntu'), ('XAUTHORITY', '/run/user/1000/.mutter-Xwaylandauth.0WL892'), ('LS_COLORS', 'rs=0:di=01;34:ln=01;36:mh=00:pi=40;33:so=01;35:do=01;35:bd=40;33;01:cd=40;33;01:or=40;31;01:mi=00:su=37;41:sg=30;43:ca=30;41:tw=30;42:ow=34;42:st=37;44:ex=01;32:*.tar=01;31:*.tgz=01;31:*.arc=01;31:*.arj=01;31:*.taz=01;31:*.lha=01;31:*.lz4=01;31:*.lzh=01;31:*.lzma=01;31:*.tlz=01;31:*.txz=01;31:*.tzo=01;31:*.t7z=01;31:*.zip=01;31:*.z=01;31:*.dz=01;31:*.gz=01;31:*.lrz=01;31:*.lz=01;31:*.lzo=01;31:*.xz=01;31:*.zst=01;31:*.tzst=01;31:*.bz2=01;31:*.bz=01;31:*.tbz=01;31:*.tbz2=01;31:*.tz=01;31:*.deb=01;31:*.rpm=01;31:*.jar=01;31:*.war=01;31:*.ear=01;31:*.sar=01;31:*.rar=01;31:*.alz=01;31:*.ace=01;31:*.zoo=01;31:*.cpio=01;31:*.7z=01;31:*.rz=01;31:*.cab=01;31:*.wim=01;31:*.swm=01;31:*.dwm=01;31:*.esd=01;31:*.jpg=01;35:*.jpeg=01;35:*.mjpg=01;35:*.mjpeg=01;35:*.gif=01;35:*.bmp=01;35:*.pbm=01;35:*.pgm=01;35:*.ppm=01;35:*.tga=01;35:*.xbm=01;35:*.xpm=01;35:*.tif=01;35:*.tiff=01;35:*.png=01;35:*.svg=01;35:*.svgz=01;35:*.mng=01;35:*.pcx=01;35:*.mov=01;35:*.mpg=01;35:*.mpeg=01;35:*.m2v=01;35:*.mkv=01;35:*.webm=01;35:*.webp=01;35:*.ogm=01;35:*.mp4=01;35:*.m4v=01;35:*.mp4v=01;35:*.vob=01;35:*.qt=01;35:*.nuv=01;35:*.wmv=01;35:*.asf=01;35:*.rm=01;35:*.rmvb=01;35:*.flc=01;35:*.avi=01;35:*.fli=01;35:*.flv=01;35:*.gl=01;35:*.dl=01;35:*.xcf=01;35:*.xwd=01;35:*.yuv=01;35:*.cgm=01;35:*.emf=01;35:*.ogv=01;35:*.ogx=01;35:*.aac=00;36:*.au=00;36:*.flac=00;36:*.m4a=00;36:*.mid=00;36:*.midi=00;36:*.mka=00;36:*.mp3=00;36:*.mpc=00;36:*.ogg=00;36:*.ra=00;36:*.wav=00;36:*.oga=00;36:*.opus=00;36:*.spx=00;36:*.xspf=00;36:'), ('GNOME_TERMINAL_SERVICE', ':1.107'), ('SSH_AGENT_LAUNCHER', 'gnome-keyring'), ('SSH_AUTH_SOCK', '/run/user/1000/keyring/ssh'), ('AMENT_PREFIX_PATH', '/home/louise/Development/wave_rover_gazebo_ws/install/wave_rover_gazebo:/home/louise/Development/wave_rover_gazebo_ws/install/wave_rover_description:/home/louise/Development/wave_rover_gazebo_ws/install/test_box_launch:/home/louise/Development/wave_rover_gazebo_ws/install/launch_sim:/opt/ros/humble'), ('SHELL', '/bin/bash'), ('QT_ACCESSIBILITY', '1'), ('GDMSESSION', 'ubuntu'), ('LESSCLOSE', '/usr/bin/lesspipe %s %s'), ('QT_IM_MODULE', 'ibus'), ('PWD', '/home/louise/Development/wave_rover_gazebo_ws/build/wave_rover_description'), ('LC_ALL', 'en_US.UTF-8'), ('XDG_CONFIG_DIRS', '/etc/xdg/xdg-ubuntu:/etc/xdg'), ('DBUS_STARTER_ADDRESS', 'unix:path=/run/user/1000/bus,guid=8f14f871245f2476237639c0688fba02'), ('XDG_DATA_DIRS', '/usr/share/ubuntu:/home/louise/.local/share/flatpak/exports/share:/var/lib/flatpak/exports/share:/usr/local/share/:/usr/share/:/var/lib/snapd/desktop'), ('PYTHONPATH', '/home/louise/Development/wave_rover_gazebo_ws/install/test_box_launch/lib/python3.10/site-packages:/home/louise/Development/wave_rover_gazebo_ws/install/launch_sim/lib/python3.10/site-packages:/opt/ros/humble/lib/python3.10/site-packages:/opt/ros/humble/local/lib/python3.10/dist-packages'), ('COLCON', '1'), ('VTE_VERSION', '6800'), ('CMAKE_PREFIX_PATH', '/home/louise/Development/wave_rover_gazebo_ws/install/wave_rover_gazebo:/home/louise/Development/wave_rover_gazebo_ws/install/wave_rover_description:/home/louise/Development/wave_rover_gazebo_ws/install/test_box_launch:/home/louise/Development/wave_rover_gazebo_ws/install/launch_sim:/opt/ros/humble')]), 'shell': False}
[1.001071] (-) TimerEvent: {}
[1.002898] (wave_rover_gazebo) CommandEnded: {'returncode': 0}
[1.003821] (wave_rover_gazebo) JobProgress: {'identifier': 'wave_rover_gazebo', 'progress': 'install'}
[1.010414] (wave_rover_gazebo) Command: {'cmd': ['/usr/bin/cmake', '--install', '/home/louise/Development/wave_rover_gazebo_ws/build/wave_rover_gazebo'], 'cwd': '/home/louise/Development/wave_rover_gazebo_ws/build/wave_rover_gazebo', 'env': OrderedDict([('LESSOPEN', '| /usr/bin/lesspipe %s'), ('LANGUAGE', 'en_GB:en'), ('USER', 'louise'), ('XDG_SESSION_TYPE', 'wayland'), ('SHLVL', '1'), ('LD_LIBRARY_PATH', '/opt/ros/humble/opt/rviz_ogre_vendor/lib:/opt/ros/humble/lib/x86_64-linux-gnu:/opt/ros/humble/lib'), ('HOME', '/home/louise'), ('DESKTOP_SESSION', 'ubuntu'), ('ROS_PYTHON_VERSION', '3'), ('GNOME_SHELL_SESSION_MODE', 'ubuntu'), ('GTK_MODULES', 'gail:atk-bridge'), ('DBUS_STARTER_BUS_TYPE', 'session'), ('SYSTEMD_EXEC_PID', '2322'), ('DBUS_SESSION_BUS_ADDRESS', 'unix:path=/run/user/1000/bus,guid=8f14f871245f2476237639c0688fba02'), ('COLORTERM', 'truecolor'), ('IM_CONFIG_PHASE', '1'), ('WAYLAND_DISPLAY', 'wayland-0'), ('COLCON_PREFIX_PATH', '/home/louise/Development/wave_rover_gazebo_ws/install'), ('ROS_DISTRO', 'humble'), ('LOGNAME', 'louise'), ('_', '/usr/bin/colcon'), ('ROS_VERSION', '2'), ('XDG_SESSION_CLASS', 'user'), ('USERNAME', 'louise'), ('TERM', 'xterm-256color'), ('GNOME_DESKTOP_SESSION_ID', 'this-is-deprecated'), ('ROS_LOCALHOST_ONLY', '0'), ('PATH', '/opt/ros/humble/bin:/home/louise/.local/bin:/usr/local/sbin:/usr/local/bin:/usr/sbin:/usr/bin:/sbin:/bin:/usr/games:/usr/local/games:/snap/bin:/snap/bin'), ('SESSION_MANAGER', 'local/louise-ASUS-TUF-Gaming-A15-FA507NVR-FA507NVR:@/tmp/.ICE-unix/2322,unix/louise-ASUS-TUF-Gaming-A15-FA507NVR-FA507NVR:/tmp/.ICE-unix/2322'), ('XDG_MENU_PREFIX', 'gnome-'), ('GNOME_TERMINAL_SCREEN', '/org/gnome/Terminal/screen/95b430a0_1155_439e_b27f_a0dd0699ac3b'), ('GNOME_SETUP_DISPLAY', ':1'), ('XDG_RUNTIME_DIR', '/run/user/1000'), ('DISPLAY', ':0'), ('LANG', 'en_US.UTF-8'), ('XDG_CURRENT_DESKTOP', 'ubuntu:GNOME'), ('XMODIFIERS', '@im=ibus'), ('XDG_SESSION_DESKTOP', 'ubuntu'), ('XAUTHORITY', '/run/user/1000/.mutter-Xwaylandauth.0WL892'), ('LS_COLORS', 'rs=0:di=01;34:ln=01;36:mh=00:pi=40;33:so=01;35:do=01;35:bd=40;33;01:cd=40;33;01:or=40;31;01:mi=00:su=37;41:sg=30;43:ca=30;41:tw=30;42:ow=34;42:st=37;44:ex=01;32:*.tar=01;31:*.tgz=01;31:*.arc=01;31:*.arj=01;31:*.taz=01;31:*.lha=01;31:*.lz4=01;31:*.lzh=01;31:*.lzma=01;31:*.tlz=01;31:*.txz=01;31:*.tzo=01;31:*.t7z=01;31:*.zip=01;31:*.z=01;31:*.dz=01;31:*.gz=01;31:*.lrz=01;31:*.lz=01;31:*.lzo=01;31:*.xz=01;31:*.zst=01;31:*.tzst=01;31:*.bz2=01;31:*.bz=01;31:*.tbz=01;31:*.tbz2=01;31:*.tz=01;31:*.deb=01;31:*.rpm=01;31:*.jar=01;31:*.war=01;31:*.ear=01;31:*.sar=01;31:*.rar=01;31:*.alz=01;31:*.ace=01;31:*.zoo=01;31:*.cpio=01;31:*.7z=01;31:*.rz=01;31:*.cab=01;31:*.wim=01;31:*.swm=01;31:*.dwm=01;31:*.esd=01;31:*.jpg=01;35:*.jpeg=01;35:*.mjpg=01;35:*.mjpeg=01;35:*.gif=01;35:*.bmp=01;35:*.pbm=01;35:*.pgm=01;35:*.ppm=01;35:*.tga=01;35:*.xbm=01;35:*.xpm=01;35:*.tif=01;35:*.tiff=01;35:*.png=01;35:*.svg=01;35:*.svgz=01;35:*.mng=01;35:*.pcx=01;35:*.mov=01;35:*.mpg=01;35:*.mpeg=01;35:*.m2v=01;35:*.mkv=01;35:*.webm=01;35:*.webp=01;35:*.ogm=01;35:*.mp4=01;35:*.m4v=01;35:*.mp4v=01;35:*.vob=01;35:*.qt=01;35:*.nuv=01;35:*.wmv=01;35:*.asf=01;35:*.rm=01;35:*.rmvb=01;35:*.flc=01;35:*.avi=01;35:*.fli=01;35:*.flv=01;35:*.gl=01;35:*.dl=01;35:*.xcf=01;35:*.xwd=01;35:*.yuv=01;35:*.cgm=01;35:*.emf=01;35:*.ogv=01;35:*.ogx=01;35:*.aac=00;36:*.au=00;36:*.flac=00;36:*.m4a=00;36:*.mid=00;36:*.midi=00;36:*.mka=00;36:*.mp3=00;36:*.mpc=00;36:*.ogg=00;36:*.ra=00;36:*.wav=00;36:*.oga=00;36:*.opus=00;36:*.spx=00;36:*.xspf=00;36:'), ('GNOME_TERMINAL_SERVICE', ':1.107'), ('SSH_AGENT_LAUNCHER', 'gnome-keyring'), ('SSH_AUTH_SOCK', '/run/user/1000/keyring/ssh'), ('AMENT_PREFIX_PATH', '/home/louise/Development/wave_rover_gazebo_ws/install/wave_rover_gazebo:/home/louise/Development/wave_rover_gazebo_ws/install/wave_rover_description:/home/louise/Development/wave_rover_gazebo_ws/install/test_box_launch:/home/louise/Development/wave_rover_gazebo_ws/install/launch_sim:/opt/ros/humble'), ('SHELL', '/bin/bash'), ('QT_ACCESSIBILITY', '1'), ('GDMSESSION', 'ubuntu'), ('LESSCLOSE', '/usr/bin/lesspipe %s %s'), ('QT_IM_MODULE', 'ibus'), ('PWD', '/home/louise/Development/wave_rover_gazebo_ws/build/wave_rover_gazebo'), ('LC_ALL', 'en_US.UTF-8'), ('XDG_CONFIG_DIRS', '/etc/xdg/xdg-ubuntu:/etc/xdg'), ('DBUS_STARTER_ADDRESS', 'unix:path=/run/user/1000/bus,guid=8f14f871245f2476237639c0688fba02'), ('XDG_DATA_DIRS', '/usr/share/ubuntu:/home/louise/.local/share/flatpak/exports/share:/var/lib/flatpak/exports/share:/usr/local/share/:/usr/share/:/var/lib/snapd/desktop'), ('PYTHONPATH', '/home/louise/Development/wave_rover_gazebo_ws/install/test_box_launch/lib/python3.10/site-packages:/home/louise/Development/wave_rover_gazebo_ws/install/launch_sim/lib/python3.10/site-packages:/opt/ros/humble/lib/python3.10/site-packages:/opt/ros/humble/local/lib/python3.10/dist-packages'), ('COLCON', '1'), ('VTE_VERSION', '6800'), ('CMAKE_PREFIX_PATH', '/home/louise/Development/wave_rover_gazebo_ws/install/wave_rover_gazebo:/home/louise/Development/wave_rover_gazebo_ws/install/wave_rover_description:/home/louise/Development/wave_rover_gazebo_ws/install/test_box_launch:/home/louise/Development/wave_rover_gazebo_ws/install/launch_sim:/opt/ros/humble')]), 'shell': False}
[1.011524] (wave_rover_description) CommandEnded: {'returncode': 0}
[1.011867] (wave_rover_description) JobProgress: {'identifier': 'wave_rover_description', 'progress': 'install'}
[1.012068] (wave_rover_description) Command: {'cmd': ['/usr/bin/cmake', '--install', '/home/louise/Development/wave_rover_gazebo_ws/build/wave_rover_description'], 'cwd': '/home/louise/Development/wave_rover_gazebo_ws/build/wave_rover_description', 'env': OrderedDict([('LESSOPEN', '| /usr/bin/lesspipe %s'), ('LANGUAGE', 'en_GB:en'), ('USER', 'louise'), ('XDG_SESSION_TYPE', 'wayland'), ('SHLVL', '1'), ('LD_LIBRARY_PATH', '/opt/ros/humble/opt/rviz_ogre_vendor/lib:/opt/ros/humble/lib/x86_64-linux-gnu:/opt/ros/humble/lib'), ('HOME', '/home/louise'), ('DESKTOP_SESSION', 'ubuntu'), ('ROS_PYTHON_VERSION', '3'), ('GNOME_SHELL_SESSION_MODE', 'ubuntu'), ('GTK_MODULES', 'gail:atk-bridge'), ('DBUS_STARTER_BUS_TYPE', 'session'), ('SYSTEMD_EXEC_PID', '2322'), ('DBUS_SESSION_BUS_ADDRESS', 'unix:path=/run/user/1000/bus,guid=8f14f871245f2476237639c0688fba02'), ('COLORTERM', 'truecolor'), ('IM_CONFIG_PHASE', '1'), ('WAYLAND_DISPLAY', 'wayland-0'), ('COLCON_PREFIX_PATH', '/home/louise/Development/wave_rover_gazebo_ws/install'), ('ROS_DISTRO', 'humble'), ('LOGNAME', 'louise'), ('_', '/usr/bin/colcon'), ('ROS_VERSION', '2'), ('XDG_SESSION_CLASS', 'user'), ('USERNAME', 'louise'), ('TERM', 'xterm-256color'), ('GNOME_DESKTOP_SESSION_ID', 'this-is-deprecated'), ('ROS_LOCALHOST_ONLY', '0'), ('PATH', '/opt/ros/humble/bin:/home/louise/.local/bin:/usr/local/sbin:/usr/local/bin:/usr/sbin:/usr/bin:/sbin:/bin:/usr/games:/usr/local/games:/snap/bin:/snap/bin'), ('SESSION_MANAGER', 'local/louise-ASUS-TUF-Gaming-A15-FA507NVR-FA507NVR:@/tmp/.ICE-unix/2322,unix/louise-ASUS-TUF-Gaming-A15-FA507NVR-FA507NVR:/tmp/.ICE-unix/2322'), ('XDG_MENU_PREFIX', 'gnome-'), ('GNOME_TERMINAL_SCREEN', '/org/gnome/Terminal/screen/95b430a0_1155_439e_b27f_a0dd0699ac3b'), ('GNOME_SETUP_DISPLAY', ':1'), ('XDG_RUNTIME_DIR', '/run/user/1000'), ('DISPLAY', ':0'), ('LANG', 'en_US.UTF-8'), ('XDG_CURRENT_DESKTOP', 'ubuntu:GNOME'), ('XMODIFIERS', '@im=ibus'), ('XDG_SESSION_DESKTOP', 'ubuntu'), ('XAUTHORITY', '/run/user/1000/.mutter-Xwaylandauth.0WL892'), ('LS_COLORS', 'rs=0:di=01;34:ln=01;36:mh=00:pi=40;33:so=01;35:do=01;35:bd=40;33;01:cd=40;33;01:or=40;31;01:mi=00:su=37;41:sg=30;43:ca=30;41:tw=30;42:ow=34;42:st=37;44:ex=01;32:*.tar=01;31:*.tgz=01;31:*.arc=01;31:*.arj=01;31:*.taz=01;31:*.lha=01;31:*.lz4=01;31:*.lzh=01;31:*.lzma=01;31:*.tlz=01;31:*.txz=01;31:*.tzo=01;31:*.t7z=01;31:*.zip=01;31:*.z=01;31:*.dz=01;31:*.gz=01;31:*.lrz=01;31:*.lz=01;31:*.lzo=01;31:*.xz=01;31:*.zst=01;31:*.tzst=01;31:*.bz2=01;31:*.bz=01;31:*.tbz=01;31:*.tbz2=01;31:*.tz=01;31:*.deb=01;31:*.rpm=01;31:*.jar=01;31:*.war=01;31:*.ear=01;31:*.sar=01;31:*.rar=01;31:*.alz=01;31:*.ace=01;31:*.zoo=01;31:*.cpio=01;31:*.7z=01;31:*.rz=01;31:*.cab=01;31:*.wim=01;31:*.swm=01;31:*.dwm=01;31:*.esd=01;31:*.jpg=01;35:*.jpeg=01;35:*.mjpg=01;35:*.mjpeg=01;35:*.gif=01;35:*.bmp=01;35:*.pbm=01;35:*.pgm=01;35:*.ppm=01;35:*.tga=01;35:*.xbm=01;35:*.xpm=01;35:*.tif=01;35:*.tiff=01;35:*.png=01;35:*.svg=01;35:*.svgz=01;35:*.mng=01;35:*.pcx=01;35:*.mov=01;35:*.mpg=01;35:*.mpeg=01;35:*.m2v=01;35:*.mkv=01;35:*.webm=01;35:*.webp=01;35:*.ogm=01;35:*.mp4=01;35:*.m4v=01;35:*.mp4v=01;35:*.vob=01;35:*.qt=01;35:*.nuv=01;35:*.wmv=01;35:*.asf=01;35:*.rm=01;35:*.rmvb=01;35:*.flc=01;35:*.avi=01;35:*.fli=01;35:*.flv=01;35:*.gl=01;35:*.dl=01;35:*.xcf=01;35:*.xwd=01;35:*.yuv=01;35:*.cgm=01;35:*.emf=01;35:*.ogv=01;35:*.ogx=01;35:*.aac=00;36:*.au=00;36:*.flac=00;36:*.m4a=00;36:*.mid=00;36:*.midi=00;36:*.mka=00;36:*.mp3=00;36:*.mpc=00;36:*.ogg=00;36:*.ra=00;36:*.wav=00;36:*.oga=00;36:*.opus=00;36:*.spx=00;36:*.xspf=00;36:'), ('GNOME_TERMINAL_SERVICE', ':1.107'), ('SSH_AGENT_LAUNCHER', 'gnome-keyring'), ('SSH_AUTH_SOCK', '/run/user/1000/keyring/ssh'), ('AMENT_PREFIX_PATH', '/home/louise/Development/wave_rover_gazebo_ws/install/wave_rover_gazebo:/home/louise/Development/wave_rover_gazebo_ws/install/wave_rover_description:/home/louise/Development/wave_rover_gazebo_ws/install/test_box_launch:/home/louise/Development/wave_rover_gazebo_ws/install/launch_sim:/opt/ros/humble'), ('SHELL', '/bin/bash'), ('QT_ACCESSIBILITY', '1'), ('GDMSESSION', 'ubuntu'), ('LESSCLOSE', '/usr/bin/lesspipe %s %s'), ('QT_IM_MODULE', 'ibus'), ('PWD', '/home/louise/Development/wave_rover_gazebo_ws/build/wave_rover_description'), ('LC_ALL', 'en_US.UTF-8'), ('XDG_CONFIG_DIRS', '/etc/xdg/xdg-ubuntu:/etc/xdg'), ('DBUS_STARTER_ADDRESS', 'unix:path=/run/user/1000/bus,guid=8f14f871245f2476237639c0688fba02'), ('XDG_DATA_DIRS', '/usr/share/ubuntu:/home/louise/.local/share/flatpak/exports/share:/var/lib/flatpak/exports/share:/usr/local/share/:/usr/share/:/var/lib/snapd/desktop'), ('PYTHONPATH', '/home/louise/Development/wave_rover_gazebo_ws/install/test_box_launch/lib/python3.10/site-packages:/home/louise/Development/wave_rover_gazebo_ws/install/launch_sim/lib/python3.10/site-packages:/opt/ros/humble/lib/python3.10/site-packages:/opt/ros/humble/local/lib/python3.10/dist-packages'), ('COLCON', '1'), ('VTE_VERSION', '6800'), ('CMAKE_PREFIX_PATH', '/home/louise/Development/wave_rover_gazebo_ws/install/wave_rover_gazebo:/home/louise/Development/wave_rover_gazebo_ws/install/wave_rover_description:/home/louise/Development/wave_rover_gazebo_ws/install/test_box_launch:/home/louise/Development/wave_rover_gazebo_ws/install/launch_sim:/opt/ros/humble')]), 'shell': False}
[1.018036] (wave_rover_gazebo) StdoutLine: {'line': b'-- Install configuration: ""\n'}
[1.018313] (wave_rover_gazebo) StdoutLine: {'line': b'-- Installing: /home/louise/Development/wave_rover_gazebo_ws/install/wave_rover_gazebo/share/ament_index/resource_index/package_run_dependencies/wave_rover_gazebo\n'}
[1.018459] (wave_rover_gazebo) StdoutLine: {'line': b'-- Installing: /home/louise/Development/wave_rover_gazebo_ws/install/wave_rover_gazebo/share/ament_index/resource_index/parent_prefix_path/wave_rover_gazebo\n'}
[1.018602] (wave_rover_gazebo) StdoutLine: {'line': b'-- Installing: /home/louise/Development/wave_rover_gazebo_ws/install/wave_rover_gazebo/share/wave_rover_gazebo/environment/ament_prefix_path.sh\n'}
[1.018728] (wave_rover_gazebo) StdoutLine: {'line': b'-- Installing: /home/louise/Development/wave_rover_gazebo_ws/install/wave_rover_gazebo/share/wave_rover_gazebo/environment/ament_prefix_path.dsv\n'}
[1.018869] (wave_rover_gazebo) StdoutLine: {'line': b'-- Installing: /home/louise/Development/wave_rover_gazebo_ws/install/wave_rover_gazebo/share/wave_rover_gazebo/environment/path.sh\n'}
[1.018985] (wave_rover_gazebo) StdoutLine: {'line': b'-- Installing: /home/louise/Development/wave_rover_gazebo_ws/install/wave_rover_gazebo/share/wave_rover_gazebo/environment/path.dsv\n'}
[1.019075] (wave_rover_gazebo) StdoutLine: {'line': b'-- Installing: /home/louise/Development/wave_rover_gazebo_ws/install/wave_rover_gazebo/share/wave_rover_gazebo/local_setup.bash\n'}
[1.019236] (wave_rover_description) StdoutLine: {'line': b'-- Install configuration: ""\n'}
[1.019342] (wave_rover_description) StdoutLine: {'line': b'-- Installing: /home/louise/Development/wave_rover_gazebo_ws/install/wave_rover_description/share/wave_rover_description/urdf/meshes\n'}
[1.019418] (wave_rover_gazebo) StdoutLine: {'line': b'-- Installing: /home/louise/Development/wave_rover_gazebo_ws/install/wave_rover_gazebo/share/wave_rover_gazebo/local_setup.sh\n'}
[1.019553] (wave_rover_gazebo) StdoutLine: {'line': b'-- Installing: /home/louise/Development/wave_rover_gazebo_ws/install/wave_rover_gazebo/share/wave_rover_gazebo/local_setup.zsh\n'}
[1.019602] (wave_rover_gazebo) StdoutLine: {'line': b'-- Installing: /home/louise/Development/wave_rover_gazebo_ws/install/wave_rover_gazebo/share/wave_rover_gazebo/local_setup.dsv\n'}
[1.019635] (wave_rover_description) StdoutLine: {'line': b'-- Installing: /home/louise/Development/wave_rover_gazebo_ws/install/wave_rover_description/share/wave_rover_description/urdf/meshes/realsense_bracket.stl\n'}
[1.019667] (wave_rover_gazebo) StdoutLine: {'line': b'-- Installing: /home/louise/Development/wave_rover_gazebo_ws/install/wave_rover_gazebo/share/wave_rover_gazebo/package.dsv\n'}
[1.019708] (wave_rover_gazebo) StdoutLine: {'line': b'-- Installing: /home/louise/Development/wave_rover_gazebo_ws/install/wave_rover_gazebo/share/ament_index/resource_index/packages/wave_rover_gazebo\n'}
[1.019830] (wave_rover_gazebo) StdoutLine: {'line': b'-- Installing: /home/louise/Development/wave_rover_gazebo_ws/install/wave_rover_gazebo/share/wave_rover_gazebo/cmake/wave_rover_gazeboConfig.cmake\n'}
[1.019931] (wave_rover_gazebo) StdoutLine: {'line': b'-- Installing: /home/louise/Development/wave_rover_gazebo_ws/install/wave_rover_gazebo/share/wave_rover_gazebo/cmake/wave_rover_gazeboConfig-version.cmake\n'}
[1.020039] (wave_rover_gazebo) StdoutLine: {'line': b'-- Installing: /home/louise/Development/wave_rover_gazebo_ws/install/wave_rover_gazebo/share/wave_rover_gazebo/package.xml\n'}
[1.020309] (wave_rover_description) StdoutLine: {'line': b'-- Installing: /home/louise/Development/wave_rover_gazebo_ws/install/wave_rover_description/share/wave_rover_description/urdf/meshes/roverbody.stl\n'}
[1.022229] (wave_rover_gazebo) CommandEnded: {'returncode': 0}
[1.030399] (wave_rover_gazebo) JobEnded: {'identifier': 'wave_rover_gazebo', 'rc': 0}
[1.055509] (wave_rover_description) StdoutLine: {'line': b'-- Installing: /home/louise/Development/wave_rover_gazebo_ws/install/wave_rover_description/share/wave_rover_description/urdf/meshes/d435.dae\n'}
[1.096573] (wave_rover_description) StdoutLine: {'line': b'-- Installing: /home/louise/Development/wave_rover_gazebo_ws/install/wave_rover_description/share/wave_rover_description/urdf/meshes/back_right_wheel.stl\n'}
[1.101189] (-) TimerEvent: {}
[1.101665] (wave_rover_description) StdoutLine: {'line': b'-- Installing: /home/louise/Development/wave_rover_gazebo_ws/install/wave_rover_description/share/wave_rover_description/urdf/meshes/d435.stl\n'}
[1.124601] (wave_rover_description) StdoutLine: {'line': b'-- Installing: /home/louise/Development/wave_rover_gazebo_ws/install/wave_rover_description/share/wave_rover_description/urdf/meshes/realsense_camera.stl\n'}
[1.148572] (wave_rover_description) StdoutLine: {'line': b'-- Installing: /home/louise/Development/wave_rover_gazebo_ws/install/wave_rover_description/share/wave_rover_description/urdf/meshes/front_right_wheel.stl\n'}
[1.153559] (wave_rover_description) StdoutLine: {'line': b'-- Installing: /home/louise/Development/wave_rover_gazebo_ws/install/wave_rover_description/share/wave_rover_description/urdf/meshes/rover_body.stl\n'}
[1.188530] (wave_rover_description) StdoutLine: {'line': b'-- Installing: /home/louise/Development/wave_rover_gazebo_ws/install/wave_rover_description/share/wave_rover_description/urdf/meshes/rightside_wheel.stl\n'}
[1.193005] (wave_rover_description) StdoutLine: {'line': b'-- Installing: /home/louise/Development/wave_rover_gazebo_ws/install/wave_rover_description/share/wave_rover_description/urdf/meshes/front_left_wheel.stl\n'}
[1.197958] (wave_rover_description) StdoutLine: {'line': b'-- Installing: /home/louise/Development/wave_rover_gazebo_ws/install/wave_rover_description/share/wave_rover_description/urdf/meshes/Old\n'}
[1.198100] (wave_rover_description) StdoutLine: {'line': b'-- Installing: /home/louise/Development/wave_rover_gazebo_ws/install/wave_rover_description/share/wave_rover_description/urdf/meshes/Old/older\n'}
[1.198364] (wave_rover_description) StdoutLine: {'line': b'-- Installing: /home/louise/Development/wave_rover_gazebo_ws/install/wave_rover_description/share/wave_rover_description/urdf/meshes/Old/older/rover_body.stl\n'}
[1.201292] (-) TimerEvent: {}
[1.233087] (wave_rover_description) StdoutLine: {'line': b'-- Installing: /home/louise/Development/wave_rover_gazebo_ws/install/wave_rover_description/share/wave_rover_description/urdf/meshes/Old/rover_body.stl\n'}
[1.233497] (wave_rover_description) StdoutLine: {'line': b'-- Installing: /home/louise/Development/wave_rover_gazebo_ws/install/wave_rover_description/share/wave_rover_description/urdf/meshes/Old/wave_rover_model.stl\n'}
[1.285409] (wave_rover_description) StdoutLine: {'line': b'-- Installing: /home/louise/Development/wave_rover_gazebo_ws/install/wave_rover_description/share/wave_rover_description/urdf/meshes/wave_rover_model.stl\n'}
[1.301399] (-) TimerEvent: {}
[1.335891] (wave_rover_description) StdoutLine: {'line': b'-- Installing: /home/louise/Development/wave_rover_gazebo_ws/install/wave_rover_description/share/wave_rover_description/urdf/meshes/back_left_wheel.stl\n'}
[1.340431] (wave_rover_description) StdoutLine: {'line': b'-- Installing: /home/louise/Development/wave_rover_gazebo_ws/install/wave_rover_description/share/wave_rover_description/urdf/meshes/leftside_wheel.stl\n'}
[1.345100] (wave_rover_description) StdoutLine: {'line': b'-- Up-to-date: /home/louise/Development/wave_rover_gazebo_ws/install/wave_rover_description/share/wave_rover_description/urdf\n'}
[1.345445] (wave_rover_description) StdoutLine: {'line': b'-- Up-to-date: /home/louise/Development/wave_rover_gazebo_ws/install/wave_rover_description/share/wave_rover_description/urdf/meshes\n'}
[1.345662] (wave_rover_description) StdoutLine: {'line': b'-- Up-to-date: /home/louise/Development/wave_rover_gazebo_ws/install/wave_rover_description/share/wave_rover_description/urdf/meshes/realsense_bracket.stl\n'}
[1.345757] (wave_rover_description) StdoutLine: {'line': b'-- Up-to-date: /home/louise/Development/wave_rover_gazebo_ws/install/wave_rover_description/share/wave_rover_description/urdf/meshes/roverbody.stl\n'}
[1.345841] (wave_rover_description) StdoutLine: {'line': b'-- Up-to-date: /home/louise/Development/wave_rover_gazebo_ws/install/wave_rover_description/share/wave_rover_description/urdf/meshes/d435.dae\n'}
[1.345919] (wave_rover_description) StdoutLine: {'line': b'-- Up-to-date: /home/louise/Development/wave_rover_gazebo_ws/install/wave_rover_description/share/wave_rover_description/urdf/meshes/back_right_wheel.stl\n'}
[1.345997] (wave_rover_description) StdoutLine: {'line': b'-- Up-to-date: /home/louise/Development/wave_rover_gazebo_ws/install/wave_rover_description/share/wave_rover_description/urdf/meshes/d435.stl\n'}
[1.346045] (wave_rover_description) StdoutLine: {'line': b'-- Up-to-date: /home/louise/Development/wave_rover_gazebo_ws/install/wave_rover_description/share/wave_rover_description/urdf/meshes/realsense_camera.stl\n'}
[1.346080] (wave_rover_description) StdoutLine: {'line': b'-- Up-to-date: /home/louise/Development/wave_rover_gazebo_ws/install/wave_rover_description/share/wave_rover_description/urdf/meshes/front_right_wheel.stl\n'}
[1.346115] (wave_rover_description) StdoutLine: {'line': b'-- Up-to-date: /home/louise/Development/wave_rover_gazebo_ws/install/wave_rover_description/share/wave_rover_description/urdf/meshes/rover_body.stl\n'}
[1.346155] (wave_rover_description) StdoutLine: {'line': b'-- Up-to-date: /home/louise/Development/wave_rover_gazebo_ws/install/wave_rover_description/share/wave_rover_description/urdf/meshes/rightside_wheel.stl\n'}
[1.346233] (wave_rover_description) StdoutLine: {'line': b'-- Up-to-date: /home/louise/Development/wave_rover_gazebo_ws/install/wave_rover_description/share/wave_rover_description/urdf/meshes/front_left_wheel.stl\n'}
[1.346277] (wave_rover_description) StdoutLine: {'line': b'-- Up-to-date: /home/louise/Development/wave_rover_gazebo_ws/install/wave_rover_description/share/wave_rover_description/urdf/meshes/Old\n'}
[1.346313] (wave_rover_description) StdoutLine: {'line': b'-- Up-to-date: /home/louise/Development/wave_rover_gazebo_ws/install/wave_rover_description/share/wave_rover_description/urdf/meshes/Old/older\n'}
[1.346349] (wave_rover_description) StdoutLine: {'line': b'-- Up-to-date: /home/louise/Development/wave_rover_gazebo_ws/install/wave_rover_description/share/wave_rover_description/urdf/meshes/Old/older/rover_body.stl\n'}
[1.346385] (wave_rover_description) StdoutLine: {'line': b'-- Up-to-date: /home/louise/Development/wave_rover_gazebo_ws/install/wave_rover_description/share/wave_rover_description/urdf/meshes/Old/rover_body.stl\n'}
[1.346421] (wave_rover_description) StdoutLine: {'line': b'-- Up-to-date: /home/louise/Development/wave_rover_gazebo_ws/install/wave_rover_description/share/wave_rover_description/urdf/meshes/Old/wave_rover_model.stl\n'}
[1.346455] (wave_rover_description) StdoutLine: {'line': b'-- Up-to-date: /home/louise/Development/wave_rover_gazebo_ws/install/wave_rover_description/share/wave_rover_description/urdf/meshes/wave_rover_model.stl\n'}
[1.346489] (wave_rover_description) StdoutLine: {'line': b'-- Up-to-date: /home/louise/Development/wave_rover_gazebo_ws/install/wave_rover_description/share/wave_rover_description/urdf/meshes/back_left_wheel.stl\n'}
[1.346523] (wave_rover_description) StdoutLine: {'line': b'-- Up-to-date: /home/louise/Development/wave_rover_gazebo_ws/install/wave_rover_description/share/wave_rover_description/urdf/meshes/leftside_wheel.stl\n'}
[1.346559] (wave_rover_description) StdoutLine: {'line': b'-- Installing: /home/louise/Development/wave_rover_gazebo_ws/install/wave_rover_description/share/wave_rover_description/urdf/CLEAN_ROVER_ABSOLUTE.sdf\n'}
[1.346623] (wave_rover_description) StdoutLine: {'line': b'-- Installing: /home/louise/Development/wave_rover_gazebo_ws/install/wave_rover_description/share/wave_rover_description/urdf/rover_fortress.urdf.xacro\n'}
[1.346656] (wave_rover_description) StdoutLine: {'line': b'-- Installing: /home/louise/Development/wave_rover_gazebo_ws/install/wave_rover_description/share/wave_rover_description/urdf/wave_rover_fortress.sdf\n'}
[1.346688] (wave_rover_description) StdoutLine: {'line': b'-- Installing: /home/louise/Development/wave_rover_gazebo_ws/install/wave_rover_description/share/wave_rover_description/urdf/rover_fortress.gazebo\n'}
[1.346719] (wave_rover_description) StdoutLine: {'line': b'-- Installing: /home/louise/Development/wave_rover_gazebo_ws/install/wave_rover_description/share/wave_rover_description/urdf/wave_rover_world.sdf\n'}
[1.346751] (wave_rover_description) StdoutLine: {'line': b'-- Installing: /home/louise/Development/wave_rover_gazebo_ws/install/wave_rover_description/share/wave_rover_description/urdf/wave_rover_clean.sdf\n'}
[1.346782] (wave_rover_description) StdoutLine: {'line': b'-- Installing: /home/louise/Development/wave_rover_gazebo_ws/install/wave_rover_description/share/wave_rover_description/urdf/wave_rover.urdf.xacro\n'}
[1.346860] (wave_rover_description) StdoutLine: {'line': b'-- Installing: /home/louise/Development/wave_rover_gazebo_ws/install/wave_rover_description/share/wave_rover_description/urdf/newest_realsense_d435.xacro\n'}
[1.347123] (wave_rover_description) StdoutLine: {'line': b'-- Installing: /home/louise/Development/wave_rover_gazebo_ws/install/wave_rover_description/share/wave_rover_description/urdf/wave_rover_simple_world.sdf\n'}
[1.347236] (wave_rover_description) StdoutLine: {'line': b'-- Installing: /home/louise/Development/wave_rover_gazebo_ws/install/wave_rover_description/share/wave_rover_description/urdf/CLEAN_ROVER_CLASSIC.sdf\n'}
[1.347338] (wave_rover_description) StdoutLine: {'line': b'-- Installing: /home/louise/Development/wave_rover_gazebo_ws/install/wave_rover_description/share/wave_rover_description/urdf/rover.urdf.xacro\n'}
[1.347624] (wave_rover_description) StdoutLine: {'line': b'-- Installing: /home/louise/Development/wave_rover_gazebo_ws/install/wave_rover_description/share/wave_rover_description/urdf/rover.urdf\n'}
[1.347968] (wave_rover_description) StdoutLine: {'line': b'-- Installing: /home/louise/Development/wave_rover_gazebo_ws/install/wave_rover_description/share/wave_rover_description/urdf/CLEAN_ROVER_MANUAL.sdf\n'}
[1.348060] (wave_rover_description) StdoutLine: {'line': b'-- Installing: /home/louise/Development/wave_rover_gazebo_ws/install/wave_rover_description/share/wave_rover_description/urdf/wave_rover.config\n'}
[1.348253] (wave_rover_description) StdoutLine: {'line': b'-- Installing: /home/louise/Development/wave_rover_gazebo_ws/install/wave_rover_description/share/wave_rover_description/urdf/config\n'}
[1.348326] (wave_rover_description) StdoutLine: {'line': b'-- Installing: /home/louise/Development/wave_rover_gazebo_ws/install/wave_rover_description/share/wave_rover_description/urdf/config/gz_bridge.yaml\n'}
[1.348430] (wave_rover_description) StdoutLine: {'line': b'-- Installing: /home/louise/Development/wave_rover_gazebo_ws/install/wave_rover_description/share/wave_rover_description/urdf/config/gz_image_bridge.yaml\n'}
[1.348518] (wave_rover_description) StdoutLine: {'line': b'-- Installing: /home/louise/Development/wave_rover_gazebo_ws/install/wave_rover_description/share/wave_rover_description/urdf/wave_rover.sdf\n'}
[1.348771] (wave_rover_description) StdoutLine: {'line': b'-- Installing: /home/louise/Development/wave_rover_gazebo_ws/install/wave_rover_description/share/wave_rover_description/urdf/rover.gazebo\n'}
[1.349034] (wave_rover_description) StdoutLine: {'line': b'-- Installing: /home/louise/Development/wave_rover_gazebo_ws/install/wave_rover_description/share/wave_rover_description/urdf/rover_fortress_corrected.gazebo\n'}
[1.349307] (wave_rover_description) StdoutLine: {'line': b'-- Installing: /home/louise/Development/wave_rover_gazebo_ws/install/wave_rover_description/share/wave_rover_description/urdf/wave_rover.urdf\n'}
[1.349560] (wave_rover_description) StdoutLine: {'line': b'-- Installing: /home/louise/Development/wave_rover_gazebo_ws/install/wave_rover_description/share/wave_rover_description/urdf/CLEAN_ROVER.sdf\n'}
[1.349986] (wave_rover_description) StdoutLine: {'line': b'-- Installing: /home/louise/Development/wave_rover_gazebo_ws/install/wave_rover_description/share/wave_rover_description/urdf/newest_rover.gazebo\n'}
[1.350256] (wave_rover_description) StdoutLine: {'line': b'-- Installing: /home/louise/Development/wave_rover_gazebo_ws/install/wave_rover_description/share/wave_rover_description/urdf/newest_rover.urdf.xacro\n'}
[1.350638] (wave_rover_description) StdoutLine: {'line': b'-- Installing: /home/louise/Development/wave_rover_gazebo_ws/install/wave_rover_description/share/wave_rover_description/urdf/old\n'}
[1.350814] (wave_rover_description) StdoutLine: {'line': b'-- Installing: /home/louise/Development/wave_rover_gazebo_ws/install/wave_rover_description/share/wave_rover_description/urdf/old/realsense_d435.sdf\n'}
[1.350940] (wave_rover_description) StdoutLine: {'line': b'-- Installing: /home/louise/Development/wave_rover_gazebo_ws/install/wave_rover_description/share/wave_rover_description/urdf/old/scrap.sdf\n'}
[1.351415] (wave_rover_description) StdoutLine: {'line': b'-- Installing: /home/louise/Development/wave_rover_gazebo_ws/install/wave_rover_description/share/wave_rover_description/urdf/old/wave_rover.sdf\n'}
[1.351743] (wave_rover_description) StdoutLine: {'line': b'-- Installing: /home/louise/Development/wave_rover_gazebo_ws/install/wave_rover_description/share/wave_rover_description/urdf/old/robot.sdf\n'}
[1.352046] (wave_rover_description) StdoutLine: {'line': b'-- Installing: /home/louise/Development/wave_rover_gazebo_ws/install/wave_rover_description/share/wave_rover_description/urdf/out.urdf\n'}
[1.352126] (wave_rover_description) StdoutLine: {'line': b'-- Installing: /home/louise/Development/wave_rover_gazebo_ws/install/wave_rover_description/share/wave_rover_description/urdf/wave_rover_simple.sdf\n'}
[1.352501] (wave_rover_description) StdoutLine: {'line': b'-- Installing: /home/louise/Development/wave_rover_gazebo_ws/install/wave_rover_description/share/wave_rover_description/urdf/models\n'}
[1.352586] (wave_rover_description) StdoutLine: {'line': b'-- Installing: /home/louise/Development/wave_rover_gazebo_ws/install/wave_rover_description/share/wave_rover_description/urdf/models/intel_realsense_d435\n'}
[1.352651] (wave_rover_description) StdoutLine: {'line': b'-- Installing: /home/louise/Development/wave_rover_gazebo_ws/install/wave_rover_description/share/wave_rover_description/urdf/models/intel_realsense_d435/meshes\n'}
[1.352693] (wave_rover_description) StdoutLine: {'line': b'-- Installing: /home/louise/Development/wave_rover_gazebo_ws/install/wave_rover_description/share/wave_rover_description/urdf/models/intel_realsense_d435/meshes/realsense.dae\n'}
[1.353601] (wave_rover_description) StdoutLine: {'line': b'-- Installing: /home/louise/Development/wave_rover_gazebo_ws/install/wave_rover_description/share/wave_rover_description/urdf/models/intel_realsense_d435/materials\n'}
[1.353694] (wave_rover_description) StdoutLine: {'line': b'-- Installing: /home/louise/Development/wave_rover_gazebo_ws/install/wave_rover_description/share/wave_rover_description/urdf/models/intel_realsense_d435/materials/textures\n'}
[1.353738] (wave_rover_description) StdoutLine: {'line': b'-- Installing: /home/louise/Development/wave_rover_gazebo_ws/install/wave_rover_description/share/wave_rover_description/urdf/models/intel_realsense_d435/materials/textures/RealSense_Albedo.png\n'}
[1.355004] (wave_rover_description) StdoutLine: {'line': b'-- Installing: /home/louise/Development/wave_rover_gazebo_ws/install/wave_rover_description/share/wave_rover_description/urdf/models/intel_realsense_d435/materials/textures/RealSense_Roughness.png\n'}
[1.358268] (wave_rover_description) StdoutLine: {'line': b'-- Installing: /home/louise/Development/wave_rover_gazebo_ws/install/wave_rover_description/share/wave_rover_description/urdf/models/intel_realsense_d435/materials/textures/RealSense_Normal.png\n'}
[1.359992] (wave_rover_description) StdoutLine: {'line': b'-- Installing: /home/louise/Development/wave_rover_gazebo_ws/install/wave_rover_description/share/wave_rover_description/urdf/models/intel_realsense_d435/materials/textures/RealSense_Metalness.png\n'}
[1.361260] (wave_rover_description) StdoutLine: {'line': b'-- Installing: /home/louise/Development/wave_rover_gazebo_ws/install/wave_rover_description/share/wave_rover_description/urdf/models/intel_realsense_d435/materials/scripts\n'}
[1.361401] (wave_rover_description) StdoutLine: {'line': b'-- Installing: /home/louise/Development/wave_rover_gazebo_ws/install/wave_rover_description/share/wave_rover_description/urdf/models/intel_realsense_d435/materials/scripts/model.material\n'}
[1.361541] (wave_rover_description) StdoutLine: {'line': b'-- Installing: /home/louise/Development/wave_rover_gazebo_ws/install/wave_rover_description/share/wave_rover_description/urdf/models/intel_realsense_d435/thumbnails\n'}
[1.361628] (wave_rover_description) StdoutLine: {'line': b'-- Installing: /home/louise/Development/wave_rover_gazebo_ws/install/wave_rover_description/share/wave_rover_description/urdf/models/intel_realsense_d435/thumbnails/4.png\n'}
[1.362023] (wave_rover_description) StdoutLine: {'line': b'-- Installing: /home/louise/Development/wave_rover_gazebo_ws/install/wave_rover_description/share/wave_rover_description/urdf/models/intel_realsense_d435/thumbnails/1.png\n'}
[1.362720] (wave_rover_description) StdoutLine: {'line': b'-- Installing: /home/louise/Development/wave_rover_gazebo_ws/install/wave_rover_description/share/wave_rover_description/urdf/models/intel_realsense_d435/thumbnails/3.png\n'}
[1.363288] (wave_rover_description) StdoutLine: {'line': b'-- Installing: /home/louise/Development/wave_rover_gazebo_ws/install/wave_rover_description/share/wave_rover_description/urdf/models/intel_realsense_d435/thumbnails/2.png\n'}
[1.363852] (wave_rover_description) StdoutLine: {'line': b'-- Installing: /home/louise/Development/wave_rover_gazebo_ws/install/wave_rover_description/share/wave_rover_description/urdf/models/intel_realsense_d435/model.config\n'}
[1.364040] (wave_rover_description) StdoutLine: {'line': b'-- Installing: /home/louise/Development/wave_rover_gazebo_ws/install/wave_rover_description/share/wave_rover_description/urdf/models/intel_realsense_d435/model.sdf\n'}
[1.364231] (wave_rover_description) StdoutLine: {'line': b'-- Installing: /home/louise/Development/wave_rover_gazebo_ws/install/wave_rover_description/share/wave_rover_description/urdf/models/cone_blue\n'}
[1.364293] (wave_rover_description) StdoutLine: {'line': b'-- Installing: /home/louise/Development/wave_rover_gazebo_ws/install/wave_rover_description/share/wave_rover_description/urdf/models/cone_blue/meshes\n'}
[1.364352] (wave_rover_description) StdoutLine: {'line': b'-- Installing: /home/louise/Development/wave_rover_gazebo_ws/install/wave_rover_description/share/wave_rover_description/urdf/models/cone_blue/meshes/cone.stl\n'}
[1.366443] (wave_rover_description) StdoutLine: {'line': b'-- Installing: /home/louise/Development/wave_rover_gazebo_ws/install/wave_rover_description/share/wave_rover_description/urdf/models/cone_blue/thumbnails\n'}
[1.366556] (wave_rover_description) StdoutLine: {'line': b'-- Installing: /home/louise/Development/wave_rover_gazebo_ws/install/wave_rover_description/share/wave_rover_description/urdf/models/cone_blue/thumbnails/Screenshot from 2025-07-05 15-09-02.png\n'}
[1.367358] (wave_rover_description) StdoutLine: {'line': b'-- Installing: /home/louise/Development/wave_rover_gazebo_ws/install/wave_rover_description/share/wave_rover_description/urdf/models/cone_blue/model.config\n'}
[1.367625] (wave_rover_description) StdoutLine: {'line': b'-- Installing: /home/louise/Development/wave_rover_gazebo_ws/install/wave_rover_description/share/wave_rover_description/urdf/models/cone_blue/model.sdf\n'}
[1.367799] (wave_rover_description) StdoutLine: {'line': b'-- Installing: /home/louise/Development/wave_rover_gazebo_ws/install/wave_rover_description/share/wave_rover_description/urdf/models/cone_yellow\n'}
[1.367858] (wave_rover_description) StdoutLine: {'line': b'-- Installing: /home/louise/Development/wave_rover_gazebo_ws/install/wave_rover_description/share/wave_rover_description/urdf/models/cone_yellow/meshes\n'}
[1.367918] (wave_rover_description) StdoutLine: {'line': b'-- Installing: /home/louise/Development/wave_rover_gazebo_ws/install/wave_rover_description/share/wave_rover_description/urdf/models/cone_yellow/meshes/cone.stl\n'}
[1.369644] (wave_rover_description) StdoutLine: {'line': b'-- Installing: /home/louise/Development/wave_rover_gazebo_ws/install/wave_rover_description/share/wave_rover_description/urdf/models/cone_yellow/thumbnails\n'}
[1.369722] (wave_rover_description) StdoutLine: {'line': b'-- Installing: /home/louise/Development/wave_rover_gazebo_ws/install/wave_rover_description/share/wave_rover_description/urdf/models/cone_yellow/thumbnails/Screenshot from 2025-07-05 15-12-53.png\n'}
[1.370209] (wave_rover_description) StdoutLine: {'line': b'-- Installing: /home/louise/Development/wave_rover_gazebo_ws/install/wave_rover_description/share/wave_rover_description/urdf/models/cone_yellow/model.config\n'}
[1.370408] (wave_rover_description) StdoutLine: {'line': b'-- Installing: /home/louise/Development/wave_rover_gazebo_ws/install/wave_rover_description/share/wave_rover_description/urdf/models/cone_yellow/model.sdf\n'}
[1.370589] (wave_rover_description) StdoutLine: {'line': b'-- Installing: /home/louise/Development/wave_rover_gazebo_ws/install/wave_rover_description/share/wave_rover_description/urdf/models/cone_orange\n'}
[1.370680] (wave_rover_description) StdoutLine: {'line': b'-- Installing: /home/louise/Development/wave_rover_gazebo_ws/install/wave_rover_description/share/wave_rover_description/urdf/models/cone_orange/meshes\n'}
[1.370778] (wave_rover_description) StdoutLine: {'line': b'-- Installing: /home/louise/Development/wave_rover_gazebo_ws/install/wave_rover_description/share/wave_rover_description/urdf/models/cone_orange/meshes/cone.stl\n'}
[1.372314] (wave_rover_description) StdoutLine: {'line': b'-- Installing: /home/louise/Development/wave_rover_gazebo_ws/install/wave_rover_description/share/wave_rover_description/urdf/models/cone_orange/thumbnails\n'}
[1.372386] (wave_rover_description) StdoutLine: {'line': b'-- Installing: /home/louise/Development/wave_rover_gazebo_ws/install/wave_rover_description/share/wave_rover_description/urdf/models/cone_orange/thumbnails/Screenshot from 2025-07-05 15-15-27.png\n'}
[1.372913] (wave_rover_description) StdoutLine: {'line': b'-- Installing: /home/louise/Development/wave_rover_gazebo_ws/install/wave_rover_description/share/wave_rover_description/urdf/models/cone_orange/model.config\n'}
[1.373107] (wave_rover_description) StdoutLine: {'line': b'-- Installing: /home/louise/Development/wave_rover_gazebo_ws/install/wave_rover_description/share/wave_rover_description/urdf/models/cone_orange/model.sdf\n'}
[1.373303] (wave_rover_description) StdoutLine: {'line': b'-- Installing: /home/louise/Development/wave_rover_gazebo_ws/install/wave_rover_description/share/wave_rover_description/urdf/models/cone_red\n'}
[1.373408] (wave_rover_description) StdoutLine: {'line': b'-- Installing: /home/louise/Development/wave_rover_gazebo_ws/install/wave_rover_description/share/wave_rover_description/urdf/models/cone_red/meshes\n'}
[1.373505] (wave_rover_description) StdoutLine: {'line': b'-- Installing: /home/louise/Development/wave_rover_gazebo_ws/install/wave_rover_description/share/wave_rover_description/urdf/models/cone_red/meshes/cone.stl\n'}
[1.374879] (wave_rover_description) StdoutLine: {'line': b'-- Installing: /home/louise/Development/wave_rover_gazebo_ws/install/wave_rover_description/share/wave_rover_description/urdf/models/cone_red/thumbnails\n'}
[1.374942] (wave_rover_description) StdoutLine: {'line': b'-- Installing: /home/louise/Development/wave_rover_gazebo_ws/install/wave_rover_description/share/wave_rover_description/urdf/models/cone_red/thumbnails/Screenshot from 2025-07-05 15-17-11.png\n'}
[1.375588] (wave_rover_description) StdoutLine: {'line': b'-- Installing: /home/louise/Development/wave_rover_gazebo_ws/install/wave_rover_description/share/wave_rover_description/urdf/models/cone_red/model.config\n'}
[1.375779] (wave_rover_description) StdoutLine: {'line': b'-- Installing: /home/louise/Development/wave_rover_gazebo_ws/install/wave_rover_description/share/wave_rover_description/urdf/models/cone_red/model.sdf\n'}
[1.376016] (wave_rover_description) StdoutLine: {'line': b'-- Installing: /home/louise/Development/wave_rover_gazebo_ws/install/wave_rover_description/share/wave_rover_description/launch\n'}
[1.376113] (wave_rover_description) StdoutLine: {'line': b'-- Installing: /home/louise/Development/wave_rover_gazebo_ws/install/wave_rover_description/share/wave_rover_description/launch/gazebo_simulation.launch.py\n'}
[1.376219] (wave_rover_description) StdoutLine: {'line': b'-- Installing: /home/louise/Development/wave_rover_gazebo_ws/install/wave_rover_description/share/wave_rover_description/launch/display.launch.py\n'}
[1.376426] (wave_rover_description) StdoutLine: {'line': b'-- Installing: /home/louise/Development/wave_rover_gazebo_ws/install/wave_rover_description/share/wave_rover_description/launch/display_box.launch.py\n'}
[1.376533] (wave_rover_description) StdoutLine: {'line': b'-- Up-to-date: /home/louise/Development/wave_rover_gazebo_ws/install/wave_rover_description/share/wave_rover_description/urdf/models\n'}
[1.376620] (wave_rover_description) StdoutLine: {'line': b'-- Up-to-date: /home/louise/Development/wave_rover_gazebo_ws/install/wave_rover_description/share/wave_rover_description/urdf/models/intel_realsense_d435\n'}
[1.376732] (wave_rover_description) StdoutLine: {'line': b'-- Up-to-date: /home/louise/Development/wave_rover_gazebo_ws/install/wave_rover_description/share/wave_rover_description/urdf/models/intel_realsense_d435/meshes\n'}
[1.376917] (wave_rover_description) StdoutLine: {'line': b'-- Up-to-date: /home/louise/Development/wave_rover_gazebo_ws/install/wave_rover_description/share/wave_rover_description/urdf/models/intel_realsense_d435/meshes/realsense.dae\n'}
[1.377008] (wave_rover_description) StdoutLine: {'line': b'-- Up-to-date: /home/louise/Development/wave_rover_gazebo_ws/install/wave_rover_description/share/wave_rover_description/urdf/models/intel_realsense_d435/materials\n'}
[1.377144] (wave_rover_description) StdoutLine: {'line': b'-- Up-to-date: /home/louise/Development/wave_rover_gazebo_ws/install/wave_rover_description/share/wave_rover_description/urdf/models/intel_realsense_d435/materials/textures\n'}
[1.377267] (wave_rover_description) StdoutLine: {'line': b'-- Up-to-date: /home/louise/Development/wave_rover_gazebo_ws/install/wave_rover_description/share/wave_rover_description/urdf/models/intel_realsense_d435/materials/textures/RealSense_Albedo.png\n'}
[1.377307] (wave_rover_description) StdoutLine: {'line': b'-- Up-to-date: /home/louise/Development/wave_rover_gazebo_ws/install/wave_rover_description/share/wave_rover_description/urdf/models/intel_realsense_d435/materials/textures/RealSense_Roughness.png\n'}
[1.377346] (wave_rover_description) StdoutLine: {'line': b'-- Up-to-date: /home/louise/Development/wave_rover_gazebo_ws/install/wave_rover_description/share/wave_rover_description/urdf/models/intel_realsense_d435/materials/textures/RealSense_Normal.png\n'}
[1.377382] (wave_rover_description) StdoutLine: {'line': b'-- Up-to-date: /home/louise/Development/wave_rover_gazebo_ws/install/wave_rover_description/share/wave_rover_description/urdf/models/intel_realsense_d435/materials/textures/RealSense_Metalness.png\n'}
[1.377415] (wave_rover_description) StdoutLine: {'line': b'-- Up-to-date: /home/louise/Development/wave_rover_gazebo_ws/install/wave_rover_description/share/wave_rover_description/urdf/models/intel_realsense_d435/materials/scripts\n'}
[1.377488] (wave_rover_description) StdoutLine: {'line': b'-- Up-to-date: /home/louise/Development/wave_rover_gazebo_ws/install/wave_rover_description/share/wave_rover_description/urdf/models/intel_realsense_d435/materials/scripts/model.material\n'}
[1.377528] (wave_rover_description) StdoutLine: {'line': b'-- Up-to-date: /home/louise/Development/wave_rover_gazebo_ws/install/wave_rover_description/share/wave_rover_description/urdf/models/intel_realsense_d435/thumbnails\n'}
[1.377562] (wave_rover_description) StdoutLine: {'line': b'-- Up-to-date: /home/louise/Development/wave_rover_gazebo_ws/install/wave_rover_description/share/wave_rover_description/urdf/models/intel_realsense_d435/thumbnails/4.png\n'}
[1.377595] (wave_rover_description) StdoutLine: {'line': b'-- Up-to-date: /home/louise/Development/wave_rover_gazebo_ws/install/wave_rover_description/share/wave_rover_description/urdf/models/intel_realsense_d435/thumbnails/1.png\n'}
[1.377628] (wave_rover_description) StdoutLine: {'line': b'-- Up-to-date: /home/louise/Development/wave_rover_gazebo_ws/install/wave_rover_description/share/wave_rover_description/urdf/models/intel_realsense_d435/thumbnails/3.png\n'}
[1.377660] (wave_rover_description) StdoutLine: {'line': b'-- Up-to-date: /home/louise/Development/wave_rover_gazebo_ws/install/wave_rover_description/share/wave_rover_description/urdf/models/intel_realsense_d435/thumbnails/2.png\n'}
[1.377692] (wave_rover_description) StdoutLine: {'line': b'-- Up-to-date: /home/louise/Development/wave_rover_gazebo_ws/install/wave_rover_description/share/wave_rover_description/urdf/models/intel_realsense_d435/model.config\n'}
[1.377724] (wave_rover_description) StdoutLine: {'line': b'-- Up-to-date: /home/louise/Development/wave_rover_gazebo_ws/install/wave_rover_description/share/wave_rover_description/urdf/models/intel_realsense_d435/model.sdf\n'}
[1.377757] (wave_rover_description) StdoutLine: {'line': b'-- Up-to-date: /home/louise/Development/wave_rover_gazebo_ws/install/wave_rover_description/share/wave_rover_description/urdf/models/cone_blue\n'}
[1.377790] (wave_rover_description) StdoutLine: {'line': b'-- Up-to-date: /home/louise/Development/wave_rover_gazebo_ws/install/wave_rover_description/share/wave_rover_description/urdf/models/cone_blue/meshes\n'}
[1.377823] (wave_rover_description) StdoutLine: {'line': b'-- Up-to-date: /home/louise/Development/wave_rover_gazebo_ws/install/wave_rover_description/share/wave_rover_description/urdf/models/cone_blue/meshes/cone.stl\n'}
[1.377855] (wave_rover_description) StdoutLine: {'line': b'-- Up-to-date: /home/louise/Development/wave_rover_gazebo_ws/install/wave_rover_description/share/wave_rover_description/urdf/models/cone_blue/thumbnails\n'}
[1.377888] (wave_rover_description) StdoutLine: {'line': b'-- Up-to-date: /home/louise/Development/wave_rover_gazebo_ws/install/wave_rover_description/share/wave_rover_description/urdf/models/cone_blue/thumbnails/Screenshot from 2025-07-05 15-09-02.png\n'}
[1.377921] (wave_rover_description) StdoutLine: {'line': b'-- Up-to-date: /home/louise/Development/wave_rover_gazebo_ws/install/wave_rover_description/share/wave_rover_description/urdf/models/cone_blue/model.config\n'}
[1.377953] (wave_rover_description) StdoutLine: {'line': b'-- Up-to-date: /home/louise/Development/wave_rover_gazebo_ws/install/wave_rover_description/share/wave_rover_description/urdf/models/cone_blue/model.sdf\n'}
[1.377986] (wave_rover_description) StdoutLine: {'line': b'-- Up-to-date: /home/louise/Development/wave_rover_gazebo_ws/install/wave_rover_description/share/wave_rover_description/urdf/models/cone_yellow\n'}
[1.378020] (wave_rover_description) StdoutLine: {'line': b'-- Up-to-date: /home/louise/Development/wave_rover_gazebo_ws/install/wave_rover_description/share/wave_rover_description/urdf/models/cone_yellow/meshes\n'}
[1.378054] (wave_rover_description) StdoutLine: {'line': b'-- Up-to-date: /home/louise/Development/wave_rover_gazebo_ws/install/wave_rover_description/share/wave_rover_description/urdf/models/cone_yellow/meshes/cone.stl\n'}
[1.378098] (wave_rover_description) StdoutLine: {'line': b'-- Up-to-date: /home/louise/Development/wave_rover_gazebo_ws/install/wave_rover_description/share/wave_rover_description/urdf/models/cone_yellow/thumbnails\n'}
[1.378136] (wave_rover_description) StdoutLine: {'line': b'-- Up-to-date: /home/louise/Development/wave_rover_gazebo_ws/install/wave_rover_description/share/wave_rover_description/urdf/models/cone_yellow/thumbnails/Screenshot from 2025-07-05 15-12-53.png\n'}
[1.378230] (wave_rover_description) StdoutLine: {'line': b'-- Up-to-date: /home/louise/Development/wave_rover_gazebo_ws/install/wave_rover_description/share/wave_rover_description/urdf/models/cone_yellow/model.config\n'}
[1.378270] (wave_rover_description) StdoutLine: {'line': b'-- Up-to-date: /home/louise/Development/wave_rover_gazebo_ws/install/wave_rover_description/share/wave_rover_description/urdf/models/cone_yellow/model.sdf\n'}
[1.378302] (wave_rover_description) StdoutLine: {'line': b'-- Up-to-date: /home/louise/Development/wave_rover_gazebo_ws/install/wave_rover_description/share/wave_rover_description/urdf/models/cone_orange\n'}
[1.378334] (wave_rover_description) StdoutLine: {'line': b'-- Up-to-date: /home/louise/Development/wave_rover_gazebo_ws/install/wave_rover_description/share/wave_rover_description/urdf/models/cone_orange/meshes\n'}
[1.378365] (wave_rover_description) StdoutLine: {'line': b'-- Up-to-date: /home/louise/Development/wave_rover_gazebo_ws/install/wave_rover_description/share/wave_rover_description/urdf/models/cone_orange/meshes/cone.stl\n'}
[1.378396] (wave_rover_description) StdoutLine: {'line': b'-- Up-to-date: /home/louise/Development/wave_rover_gazebo_ws/install/wave_rover_description/share/wave_rover_description/urdf/models/cone_orange/thumbnails\n'}
[1.378426] (wave_rover_description) StdoutLine: {'line': b'-- Up-to-date: /home/louise/Development/wave_rover_gazebo_ws/install/wave_rover_description/share/wave_rover_description/urdf/models/cone_orange/thumbnails/Screenshot from 2025-07-05 15-15-27.png\n'}
[1.378457] (wave_rover_description) StdoutLine: {'line': b'-- Up-to-date: /home/louise/Development/wave_rover_gazebo_ws/install/wave_rover_description/share/wave_rover_description/urdf/models/cone_orange/model.config\n'}
[1.378488] (wave_rover_description) StdoutLine: {'line': b'-- Up-to-date: /home/louise/Development/wave_rover_gazebo_ws/install/wave_rover_description/share/wave_rover_description/urdf/models/cone_orange/model.sdf\n'}
[1.378518] (wave_rover_description) StdoutLine: {'line': b'-- Up-to-date: /home/louise/Development/wave_rover_gazebo_ws/install/wave_rover_description/share/wave_rover_description/urdf/models/cone_red\n'}
[1.378549] (wave_rover_description) StdoutLine: {'line': b'-- Up-to-date: /home/louise/Development/wave_rover_gazebo_ws/install/wave_rover_description/share/wave_rover_description/urdf/models/cone_red/meshes\n'}
[1.378584] (wave_rover_description) StdoutLine: {'line': b'-- Up-to-date: /home/louise/Development/wave_rover_gazebo_ws/install/wave_rover_description/share/wave_rover_description/urdf/models/cone_red/meshes/cone.stl\n'}
[1.378618] (wave_rover_description) StdoutLine: {'line': b'-- Up-to-date: /home/louise/Development/wave_rover_gazebo_ws/install/wave_rover_description/share/wave_rover_description/urdf/models/cone_red/thumbnails\n'}
[1.378652] (wave_rover_description) StdoutLine: {'line': b'-- Up-to-date: /home/louise/Development/wave_rover_gazebo_ws/install/wave_rover_description/share/wave_rover_description/urdf/models/cone_red/thumbnails/Screenshot from 2025-07-05 15-17-11.png\n'}
[1.378686] (wave_rover_description) StdoutLine: {'line': b'-- Up-to-date: /home/louise/Development/wave_rover_gazebo_ws/install/wave_rover_description/share/wave_rover_description/urdf/models/cone_red/model.config\n'}
[1.378720] (wave_rover_description) StdoutLine: {'line': b'-- Up-to-date: /home/louise/Development/wave_rover_gazebo_ws/install/wave_rover_description/share/wave_rover_description/urdf/models/cone_red/model.sdf\n'}
[1.378754] (wave_rover_description) StdoutLine: {'line': b'-- Installing: /home/louise/Development/wave_rover_gazebo_ws/install/wave_rover_description/share/wave_rover_description/worlds\n'}
[1.378801] (wave_rover_description) StdoutLine: {'line': b'-- Installing: /home/louise/Development/wave_rover_gazebo_ws/install/wave_rover_description/share/wave_rover_description/worlds/oasis_fortress.sdf\n'}
[1.378835] (wave_rover_description) StdoutLine: {'line': b'-- Installing: /home/louise/Development/wave_rover_gazebo_ws/install/wave_rover_description/share/wave_rover_description/worlds/small_circle.world\n'}
[1.378868] (wave_rover_description) StdoutLine: {'line': b'-- Installing: /home/louise/Development/wave_rover_gazebo_ws/install/wave_rover_description/share/wave_rover_description/worlds/small_track_bean.world\n'}
[1.379613] (wave_rover_description) StdoutLine: {'line': b'-- Installing: /home/louise/Development/wave_rover_gazebo_ws/install/wave_rover_description/share/wave_rover_description/worlds/wave_rover_world.sdf\n'}
[1.379710] (wave_rover_description) StdoutLine: {'line': b'-- Installing: /home/louise/Development/wave_rover_gazebo_ws/install/wave_rover_description/share/wave_rover_description/worlds/start.sdf\n'}
[1.379965] (wave_rover_description) StdoutLine: {'line': b'-- Installing: /home/louise/Development/wave_rover_gazebo_ws/install/wave_rover_description/share/wave_rover_description/worlds/squidge_fortress.sdf\n'}
[1.380565] (wave_rover_description) StdoutLine: {'line': b'-- Installing: /home/louise/Development/wave_rover_gazebo_ws/install/wave_rover_description/share/wave_rover_description/worlds/fortress_test.sdf\n'}
[1.380857] (wave_rover_description) StdoutLine: {'line': b'-- Installing: /home/louise/Development/wave_rover_gazebo_ws/install/wave_rover_description/share/wave_rover_description/worlds/test_world.sdf\n'}
[1.381113] (wave_rover_description) StdoutLine: {'line': b'-- Installing: /home/louise/Development/wave_rover_gazebo_ws/install/wave_rover_description/share/wave_rover_description/worlds/oasis.world\n'}
[1.382216] (wave_rover_description) StdoutLine: {'line': b'-- Installing: /home/louise/Development/wave_rover_gazebo_ws/install/wave_rover_description/share/wave_rover_description/worlds/simple_rover_world.sdf\n'}
[1.382315] (wave_rover_description) StdoutLine: {'line': b'-- Installing: /home/louise/Development/wave_rover_gazebo_ws/install/wave_rover_description/share/wave_rover_description/worlds/empty.world\n'}
[1.382584] (wave_rover_description) StdoutLine: {'line': b'-- Installing: /home/louise/Development/wave_rover_gazebo_ws/install/wave_rover_description/share/ament_index/resource_index/package_run_dependencies/wave_rover_description\n'}
[1.382746] (wave_rover_description) StdoutLine: {'line': b'-- Installing: /home/louise/Development/wave_rover_gazebo_ws/install/wave_rover_description/share/ament_index/resource_index/parent_prefix_path/wave_rover_description\n'}
[1.382904] (wave_rover_description) StdoutLine: {'line': b'-- Installing: /home/louise/Development/wave_rover_gazebo_ws/install/wave_rover_description/share/wave_rover_description/environment/ament_prefix_path.sh\n'}
[1.383018] (wave_rover_description) StdoutLine: {'line': b'-- Installing: /home/louise/Development/wave_rover_gazebo_ws/install/wave_rover_description/share/wave_rover_description/environment/ament_prefix_path.dsv\n'}
[1.383137] (wave_rover_description) StdoutLine: {'line': b'-- Installing: /home/louise/Development/wave_rover_gazebo_ws/install/wave_rover_description/share/wave_rover_description/environment/path.sh\n'}
[1.383255] (wave_rover_description) StdoutLine: {'line': b'-- Installing: /home/louise/Development/wave_rover_gazebo_ws/install/wave_rover_description/share/wave_rover_description/environment/path.dsv\n'}
[1.383367] (wave_rover_description) StdoutLine: {'line': b'-- Installing: /home/louise/Development/wave_rover_gazebo_ws/install/wave_rover_description/share/wave_rover_description/local_setup.bash\n'}
[1.383480] (wave_rover_description) StdoutLine: {'line': b'-- Installing: /home/louise/Development/wave_rover_gazebo_ws/install/wave_rover_description/share/wave_rover_description/local_setup.sh\n'}
[1.383594] (wave_rover_description) StdoutLine: {'line': b'-- Installing: /home/louise/Development/wave_rover_gazebo_ws/install/wave_rover_description/share/wave_rover_description/local_setup.zsh\n'}
[1.383710] (wave_rover_description) StdoutLine: {'line': b'-- Installing: /home/louise/Development/wave_rover_gazebo_ws/install/wave_rover_description/share/wave_rover_description/local_setup.dsv\n'}
[1.383823] (wave_rover_description) StdoutLine: {'line': b'-- Installing: /home/louise/Development/wave_rover_gazebo_ws/install/wave_rover_description/share/wave_rover_description/package.dsv\n'}
[1.383972] (wave_rover_description) StdoutLine: {'line': b'-- Installing: /home/louise/Development/wave_rover_gazebo_ws/install/wave_rover_description/share/ament_index/resource_index/packages/wave_rover_description\n'}
[1.384114] (wave_rover_description) StdoutLine: {'line': b'-- Installing: /home/louise/Development/wave_rover_gazebo_ws/install/wave_rover_description/share/wave_rover_description/cmake/wave_rover_descriptionConfig.cmake\n'}
[1.384224] (wave_rover_description) StdoutLine: {'line': b'-- Installing: /home/louise/Development/wave_rover_gazebo_ws/install/wave_rover_description/share/wave_rover_description/cmake/wave_rover_descriptionConfig-version.cmake\n'}
[1.384336] (wave_rover_description) StdoutLine: {'line': b'-- Installing: /home/louise/Development/wave_rover_gazebo_ws/install/wave_rover_description/share/wave_rover_description/package.xml\n'}
[1.386605] (wave_rover_description) CommandEnded: {'returncode': 0}
[1.394060] (wave_rover_description) JobEnded: {'identifier': 'wave_rover_description', 'rc': 0}
[1.394792] (-) EventReactorShutdown: {}
