[0.000000] (-) TimerEvent: {}
[0.000584] (launch_sim) JobQueued: {'identifier': 'launch_sim', 'dependencies': OrderedDict()}
[0.000630] (test_box_launch) JobQueued: {'identifier': 'test_box_launch', 'dependencies': OrderedDict()}
[0.000655] (wave_rover_description) JobQueued: {'identifier': 'wave_rover_description', 'dependencies': OrderedDict()}
[0.000683] (wave_rover_gazebo) JobQueued: {'identifier': 'wave_rover_gazebo', 'dependencies': OrderedDict()}
[0.000703] (launch_sim) JobStarted: {'identifier': 'launch_sim'}
[0.006832] (test_box_launch) JobStarted: {'identifier': 'test_box_launch'}
[0.010234] (wave_rover_description) JobStarted: {'identifier': 'wave_rover_description'}
[0.012958] (wave_rover_gazebo) JobStarted: {'identifier': 'wave_rover_gazebo'}
[0.099809] (-) TimerEvent: {}
[0.200115] (-) TimerEvent: {}
[0.300372] (-) TimerEvent: {}
[0.372889] (wave_rover_description) JobProgress: {'identifier': 'wave_rover_description', 'progress': 'cmake'}
[0.373457] (wave_rover_description) Command: {'cmd': ['/usr/bin/cmake', '/home/louise/Development/wave_rover_gazebo_ws/src/wave_rover_description', '-DCMAKE_INSTALL_PREFIX=/home/louise/Development/wave_rover_gazebo_ws/install/wave_rover_description'], 'cwd': '/home/louise/Development/wave_rover_gazebo_ws/build/wave_rover_description', 'env': OrderedDict([('LESSOPEN', '| /usr/bin/lesspipe %s'), ('LANGUAGE', 'en_GB:en'), ('USER', 'louise'), ('XDG_SESSION_TYPE', 'x11'), ('SHLVL', '1'), ('LD_LIBRARY_PATH', '/opt/ros/humble/opt/rviz_ogre_vendor/lib:/opt/ros/humble/lib/x86_64-linux-gnu:/opt/ros/humble/lib'), ('HOME', '/home/louise'), ('OLDPWD', '/home/louise/Development/wave_rover_gazebo_ws/src'), ('DESKTOP_SESSION', 'ubuntu'), ('ROS_PYTHON_VERSION', '3'), ('GNOME_SHELL_SESSION_MODE', 'ubuntu'), ('GTK_MODULES', 'gail:atk-bridge'), ('DBUS_STARTER_BUS_TYPE', 'session'), ('SYSTEMD_EXEC_PID', '2243'), ('DBUS_SESSION_BUS_ADDRESS', 'unix:path=/run/user/1000/bus,guid=d02e2ede9f97489066f643f36896fbd8'), ('COLORTERM', 'truecolor'), ('COLCON_PREFIX_PATH', '/home/louise/Development/wave_rover_gazebo_ws/install'), ('ROS_DISTRO', 'humble'), ('GTK_IM_MODULE', 'ibus'), ('LOGNAME', 'louise'), ('_', '/usr/bin/colcon'), ('ROS_VERSION', '2'), ('XDG_SESSION_CLASS', 'user'), ('USERNAME', 'louise'), ('TERM', 'xterm-256color'), ('GNOME_DESKTOP_SESSION_ID', 'this-is-deprecated'), ('ROS_LOCALHOST_ONLY', '0'), ('WINDOWPATH', '2'), ('PATH', '/opt/ros/humble/bin:/home/louise/.local/bin:/usr/local/sbin:/usr/local/bin:/usr/sbin:/usr/bin:/sbin:/bin:/usr/games:/usr/local/games:/snap/bin:/snap/bin'), ('SESSION_MANAGER', 'local/louise-ASUS-TUF-Gaming-A15-FA507NVR-FA507NVR:@/tmp/.ICE-unix/2243,unix/louise-ASUS-TUF-Gaming-A15-FA507NVR-FA507NVR:/tmp/.ICE-unix/2243'), ('XDG_MENU_PREFIX', 'gnome-'), ('GNOME_TERMINAL_SCREEN', '/org/gnome/Terminal/screen/735b2973_e2fc_4809_a676_c84c17a3f1f6'), ('XDG_RUNTIME_DIR', '/run/user/1000'), ('DISPLAY', ':1'), ('LANG', 'en_US.UTF-8'), ('XDG_CURRENT_DESKTOP', 'ubuntu:GNOME'), ('XMODIFIERS', '@im=ibus'), ('XDG_SESSION_DESKTOP', 'ubuntu'), ('XAUTHORITY', '/run/user/1000/gdm/Xauthority'), ('LS_COLORS', 'rs=0:di=01;34:ln=01;36:mh=00:pi=40;33:so=01;35:do=01;35:bd=40;33;01:cd=40;33;01:or=40;31;01:mi=00:su=37;41:sg=30;43:ca=30;41:tw=30;42:ow=34;42:st=37;44:ex=01;32:*.tar=01;31:*.tgz=01;31:*.arc=01;31:*.arj=01;31:*.taz=01;31:*.lha=01;31:*.lz4=01;31:*.lzh=01;31:*.lzma=01;31:*.tlz=01;31:*.txz=01;31:*.tzo=01;31:*.t7z=01;31:*.zip=01;31:*.z=01;31:*.dz=01;31:*.gz=01;31:*.lrz=01;31:*.lz=01;31:*.lzo=01;31:*.xz=01;31:*.zst=01;31:*.tzst=01;31:*.bz2=01;31:*.bz=01;31:*.tbz=01;31:*.tbz2=01;31:*.tz=01;31:*.deb=01;31:*.rpm=01;31:*.jar=01;31:*.war=01;31:*.ear=01;31:*.sar=01;31:*.rar=01;31:*.alz=01;31:*.ace=01;31:*.zoo=01;31:*.cpio=01;31:*.7z=01;31:*.rz=01;31:*.cab=01;31:*.wim=01;31:*.swm=01;31:*.dwm=01;31:*.esd=01;31:*.jpg=01;35:*.jpeg=01;35:*.mjpg=01;35:*.mjpeg=01;35:*.gif=01;35:*.bmp=01;35:*.pbm=01;35:*.pgm=01;35:*.ppm=01;35:*.tga=01;35:*.xbm=01;35:*.xpm=01;35:*.tif=01;35:*.tiff=01;35:*.png=01;35:*.svg=01;35:*.svgz=01;35:*.mng=01;35:*.pcx=01;35:*.mov=01;35:*.mpg=01;35:*.mpeg=01;35:*.m2v=01;35:*.mkv=01;35:*.webm=01;35:*.webp=01;35:*.ogm=01;35:*.mp4=01;35:*.m4v=01;35:*.mp4v=01;35:*.vob=01;35:*.qt=01;35:*.nuv=01;35:*.wmv=01;35:*.asf=01;35:*.rm=01;35:*.rmvb=01;35:*.flc=01;35:*.avi=01;35:*.fli=01;35:*.flv=01;35:*.gl=01;35:*.dl=01;35:*.xcf=01;35:*.xwd=01;35:*.yuv=01;35:*.cgm=01;35:*.emf=01;35:*.ogv=01;35:*.ogx=01;35:*.aac=00;36:*.au=00;36:*.flac=00;36:*.m4a=00;36:*.mid=00;36:*.midi=00;36:*.mka=00;36:*.mp3=00;36:*.mpc=00;36:*.ogg=00;36:*.ra=00;36:*.wav=00;36:*.oga=00;36:*.opus=00;36:*.spx=00;36:*.xspf=00;36:'), ('GNOME_TERMINAL_SERVICE', ':1.104'), ('SSH_AGENT_LAUNCHER', 'gnome-keyring'), ('SSH_AUTH_SOCK', '/run/user/1000/keyring/ssh'), ('AMENT_PREFIX_PATH', '/home/louise/Development/wave_rover_gazebo_ws/install/wave_rover_gazebo:/home/louise/Development/wave_rover_gazebo_ws/install/wave_rover_description:/home/louise/Development/wave_rover_gazebo_ws/install/test_box_launch:/home/louise/Development/wave_rover_gazebo_ws/install/launch_sim:/opt/ros/humble'), ('SHELL', '/bin/bash'), ('QT_ACCESSIBILITY', '1'), ('GDMSESSION', 'ubuntu'), ('LESSCLOSE', '/usr/bin/lesspipe %s %s'), ('GPG_AGENT_INFO', '/run/user/1000/gnupg/S.gpg-agent:0:1'), ('QT_IM_MODULE', 'ibus'), ('PWD', '/home/louise/Development/wave_rover_gazebo_ws/build/wave_rover_description'), ('LC_ALL', 'en_US.UTF-8'), ('XDG_CONFIG_DIRS', '/etc/xdg/xdg-ubuntu:/etc/xdg'), ('DBUS_STARTER_ADDRESS', 'unix:path=/run/user/1000/bus,guid=d02e2ede9f97489066f643f36896fbd8'), ('XDG_DATA_DIRS', '/usr/share/ubuntu:/usr/share/gnome:/home/louise/.local/share/flatpak/exports/share:/var/lib/flatpak/exports/share:/usr/local/share/:/usr/share/:/var/lib/snapd/desktop'), ('PYTHONPATH', '/home/louise/Development/wave_rover_gazebo_ws/install/test_box_launch/lib/python3.10/site-packages:/home/louise/Development/wave_rover_gazebo_ws/install/launch_sim/lib/python3.10/site-packages:/opt/ros/humble/lib/python3.10/site-packages:/opt/ros/humble/local/lib/python3.10/dist-packages'), ('COLCON', '1'), ('VTE_VERSION', '6800'), ('CMAKE_PREFIX_PATH', '/home/louise/Development/wave_rover_gazebo_ws/install/wave_rover_gazebo:/home/louise/Development/wave_rover_gazebo_ws/install/wave_rover_description:/home/louise/Development/wave_rover_gazebo_ws/install/test_box_launch:/home/louise/Development/wave_rover_gazebo_ws/install/launch_sim:/opt/ros/humble')]), 'shell': False}
[0.376575] (wave_rover_gazebo) JobProgress: {'identifier': 'wave_rover_gazebo', 'progress': 'cmake'}
[0.376990] (wave_rover_gazebo) Command: {'cmd': ['/usr/bin/cmake', '/home/louise/Development/wave_rover_gazebo_ws/src/wave_rover_gazebo', '-DCMAKE_INSTALL_PREFIX=/home/louise/Development/wave_rover_gazebo_ws/install/wave_rover_gazebo'], 'cwd': '/home/louise/Development/wave_rover_gazebo_ws/build/wave_rover_gazebo', 'env': OrderedDict([('LESSOPEN', '| /usr/bin/lesspipe %s'), ('LANGUAGE', 'en_GB:en'), ('USER', 'louise'), ('XDG_SESSION_TYPE', 'x11'), ('SHLVL', '1'), ('LD_LIBRARY_PATH', '/opt/ros/humble/opt/rviz_ogre_vendor/lib:/opt/ros/humble/lib/x86_64-linux-gnu:/opt/ros/humble/lib'), ('HOME', '/home/louise'), ('OLDPWD', '/home/louise/Development/wave_rover_gazebo_ws/src'), ('DESKTOP_SESSION', 'ubuntu'), ('ROS_PYTHON_VERSION', '3'), ('GNOME_SHELL_SESSION_MODE', 'ubuntu'), ('GTK_MODULES', 'gail:atk-bridge'), ('DBUS_STARTER_BUS_TYPE', 'session'), ('SYSTEMD_EXEC_PID', '2243'), ('DBUS_SESSION_BUS_ADDRESS', 'unix:path=/run/user/1000/bus,guid=d02e2ede9f97489066f643f36896fbd8'), ('COLORTERM', 'truecolor'), ('COLCON_PREFIX_PATH', '/home/louise/Development/wave_rover_gazebo_ws/install'), ('ROS_DISTRO', 'humble'), ('GTK_IM_MODULE', 'ibus'), ('LOGNAME', 'louise'), ('_', '/usr/bin/colcon'), ('ROS_VERSION', '2'), ('XDG_SESSION_CLASS', 'user'), ('USERNAME', 'louise'), ('TERM', 'xterm-256color'), ('GNOME_DESKTOP_SESSION_ID', 'this-is-deprecated'), ('ROS_LOCALHOST_ONLY', '0'), ('WINDOWPATH', '2'), ('PATH', '/opt/ros/humble/bin:/home/louise/.local/bin:/usr/local/sbin:/usr/local/bin:/usr/sbin:/usr/bin:/sbin:/bin:/usr/games:/usr/local/games:/snap/bin:/snap/bin'), ('SESSION_MANAGER', 'local/louise-ASUS-TUF-Gaming-A15-FA507NVR-FA507NVR:@/tmp/.ICE-unix/2243,unix/louise-ASUS-TUF-Gaming-A15-FA507NVR-FA507NVR:/tmp/.ICE-unix/2243'), ('XDG_MENU_PREFIX', 'gnome-'), ('GNOME_TERMINAL_SCREEN', '/org/gnome/Terminal/screen/735b2973_e2fc_4809_a676_c84c17a3f1f6'), ('XDG_RUNTIME_DIR', '/run/user/1000'), ('DISPLAY', ':1'), ('LANG', 'en_US.UTF-8'), ('XDG_CURRENT_DESKTOP', 'ubuntu:GNOME'), ('XMODIFIERS', '@im=ibus'), ('XDG_SESSION_DESKTOP', 'ubuntu'), ('XAUTHORITY', '/run/user/1000/gdm/Xauthority'), ('LS_COLORS', 'rs=0:di=01;34:ln=01;36:mh=00:pi=40;33:so=01;35:do=01;35:bd=40;33;01:cd=40;33;01:or=40;31;01:mi=00:su=37;41:sg=30;43:ca=30;41:tw=30;42:ow=34;42:st=37;44:ex=01;32:*.tar=01;31:*.tgz=01;31:*.arc=01;31:*.arj=01;31:*.taz=01;31:*.lha=01;31:*.lz4=01;31:*.lzh=01;31:*.lzma=01;31:*.tlz=01;31:*.txz=01;31:*.tzo=01;31:*.t7z=01;31:*.zip=01;31:*.z=01;31:*.dz=01;31:*.gz=01;31:*.lrz=01;31:*.lz=01;31:*.lzo=01;31:*.xz=01;31:*.zst=01;31:*.tzst=01;31:*.bz2=01;31:*.bz=01;31:*.tbz=01;31:*.tbz2=01;31:*.tz=01;31:*.deb=01;31:*.rpm=01;31:*.jar=01;31:*.war=01;31:*.ear=01;31:*.sar=01;31:*.rar=01;31:*.alz=01;31:*.ace=01;31:*.zoo=01;31:*.cpio=01;31:*.7z=01;31:*.rz=01;31:*.cab=01;31:*.wim=01;31:*.swm=01;31:*.dwm=01;31:*.esd=01;31:*.jpg=01;35:*.jpeg=01;35:*.mjpg=01;35:*.mjpeg=01;35:*.gif=01;35:*.bmp=01;35:*.pbm=01;35:*.pgm=01;35:*.ppm=01;35:*.tga=01;35:*.xbm=01;35:*.xpm=01;35:*.tif=01;35:*.tiff=01;35:*.png=01;35:*.svg=01;35:*.svgz=01;35:*.mng=01;35:*.pcx=01;35:*.mov=01;35:*.mpg=01;35:*.mpeg=01;35:*.m2v=01;35:*.mkv=01;35:*.webm=01;35:*.webp=01;35:*.ogm=01;35:*.mp4=01;35:*.m4v=01;35:*.mp4v=01;35:*.vob=01;35:*.qt=01;35:*.nuv=01;35:*.wmv=01;35:*.asf=01;35:*.rm=01;35:*.rmvb=01;35:*.flc=01;35:*.avi=01;35:*.fli=01;35:*.flv=01;35:*.gl=01;35:*.dl=01;35:*.xcf=01;35:*.xwd=01;35:*.yuv=01;35:*.cgm=01;35:*.emf=01;35:*.ogv=01;35:*.ogx=01;35:*.aac=00;36:*.au=00;36:*.flac=00;36:*.m4a=00;36:*.mid=00;36:*.midi=00;36:*.mka=00;36:*.mp3=00;36:*.mpc=00;36:*.ogg=00;36:*.ra=00;36:*.wav=00;36:*.oga=00;36:*.opus=00;36:*.spx=00;36:*.xspf=00;36:'), ('GNOME_TERMINAL_SERVICE', ':1.104'), ('SSH_AGENT_LAUNCHER', 'gnome-keyring'), ('SSH_AUTH_SOCK', '/run/user/1000/keyring/ssh'), ('AMENT_PREFIX_PATH', '/home/louise/Development/wave_rover_gazebo_ws/install/wave_rover_gazebo:/home/louise/Development/wave_rover_gazebo_ws/install/wave_rover_description:/home/louise/Development/wave_rover_gazebo_ws/install/test_box_launch:/home/louise/Development/wave_rover_gazebo_ws/install/launch_sim:/opt/ros/humble'), ('SHELL', '/bin/bash'), ('QT_ACCESSIBILITY', '1'), ('GDMSESSION', 'ubuntu'), ('LESSCLOSE', '/usr/bin/lesspipe %s %s'), ('GPG_AGENT_INFO', '/run/user/1000/gnupg/S.gpg-agent:0:1'), ('QT_IM_MODULE', 'ibus'), ('PWD', '/home/louise/Development/wave_rover_gazebo_ws/build/wave_rover_gazebo'), ('LC_ALL', 'en_US.UTF-8'), ('XDG_CONFIG_DIRS', '/etc/xdg/xdg-ubuntu:/etc/xdg'), ('DBUS_STARTER_ADDRESS', 'unix:path=/run/user/1000/bus,guid=d02e2ede9f97489066f643f36896fbd8'), ('XDG_DATA_DIRS', '/usr/share/ubuntu:/usr/share/gnome:/home/louise/.local/share/flatpak/exports/share:/var/lib/flatpak/exports/share:/usr/local/share/:/usr/share/:/var/lib/snapd/desktop'), ('PYTHONPATH', '/home/louise/Development/wave_rover_gazebo_ws/install/test_box_launch/lib/python3.10/site-packages:/home/louise/Development/wave_rover_gazebo_ws/install/launch_sim/lib/python3.10/site-packages:/opt/ros/humble/lib/python3.10/site-packages:/opt/ros/humble/local/lib/python3.10/dist-packages'), ('COLCON', '1'), ('VTE_VERSION', '6800'), ('CMAKE_PREFIX_PATH', '/home/louise/Development/wave_rover_gazebo_ws/install/wave_rover_gazebo:/home/louise/Development/wave_rover_gazebo_ws/install/wave_rover_description:/home/louise/Development/wave_rover_gazebo_ws/install/test_box_launch:/home/louise/Development/wave_rover_gazebo_ws/install/launch_sim:/opt/ros/humble')]), 'shell': False}
[0.400476] (-) TimerEvent: {}
[0.431118] (wave_rover_gazebo) StdoutLine: {'line': b'-- The C compiler identification is GNU 11.4.0\n'}
[0.431683] (wave_rover_description) StdoutLine: {'line': b'-- The C compiler identification is GNU 11.4.0\n'}
[0.476588] (wave_rover_description) StdoutLine: {'line': b'-- The CXX compiler identification is GNU 11.4.0\n'}
[0.476921] (wave_rover_gazebo) StdoutLine: {'line': b'-- The CXX compiler identification is GNU 11.4.0\n'}
[0.484709] (wave_rover_description) StdoutLine: {'line': b'-- Detecting C compiler ABI info\n'}
[0.484820] (wave_rover_gazebo) StdoutLine: {'line': b'-- Detecting C compiler ABI info\n'}
[0.500556] (-) TimerEvent: {}
[0.540838] (wave_rover_description) StdoutLine: {'line': b'-- Detecting C compiler ABI info - done\n'}
[0.541104] (wave_rover_gazebo) StdoutLine: {'line': b'-- Detecting C compiler ABI info - done\n'}
[0.545614] (wave_rover_description) StdoutLine: {'line': b'-- Check for working C compiler: /usr/bin/cc - skipped\n'}
[0.545970] (wave_rover_description) StdoutLine: {'line': b'-- Detecting C compile features\n'}
[0.546384] (wave_rover_description) StdoutLine: {'line': b'-- Detecting C compile features - done\n'}
[0.546466] (wave_rover_gazebo) StdoutLine: {'line': b'-- Check for working C compiler: /usr/bin/cc - skipped\n'}
[0.546572] (wave_rover_gazebo) StdoutLine: {'line': b'-- Detecting C compile features\n'}
[0.546837] (wave_rover_gazebo) StdoutLine: {'line': b'-- Detecting C compile features - done\n'}
[0.548956] (wave_rover_gazebo) StdoutLine: {'line': b'-- Detecting CXX compiler ABI info\n'}
[0.549109] (wave_rover_description) StdoutLine: {'line': b'-- Detecting CXX compiler ABI info\n'}
[0.600656] (-) TimerEvent: {}
[0.613006] (wave_rover_gazebo) StdoutLine: {'line': b'-- Detecting CXX compiler ABI info - done\n'}
[0.613219] (wave_rover_description) StdoutLine: {'line': b'-- Detecting CXX compiler ABI info - done\n'}
[0.617876] (wave_rover_gazebo) StdoutLine: {'line': b'-- Check for working CXX compiler: /usr/bin/c++ - skipped\n'}
[0.618088] (wave_rover_gazebo) StdoutLine: {'line': b'-- Detecting CXX compile features\n'}
[0.618220] (wave_rover_description) StdoutLine: {'line': b'-- Check for working CXX compiler: /usr/bin/c++ - skipped\n'}
[0.618342] (wave_rover_description) StdoutLine: {'line': b'-- Detecting CXX compile features\n'}
[0.618444] (wave_rover_gazebo) StdoutLine: {'line': b'-- Detecting CXX compile features - done\n'}
[0.618570] (wave_rover_description) StdoutLine: {'line': b'-- Detecting CXX compile features - done\n'}
[0.621709] (wave_rover_description) StdoutLine: {'line': b'-- Found ament_cmake: 1.3.12 (/opt/ros/humble/share/ament_cmake/cmake)\n'}
[0.621904] (wave_rover_gazebo) StdoutLine: {'line': b'-- Found ament_cmake: 1.3.12 (/opt/ros/humble/share/ament_cmake/cmake)\n'}
[0.676555] (launch_sim) Command: {'cmd': ['/usr/bin/python3', '-W', 'ignore:setup.py install is deprecated', '-W', 'ignore:easy_install command is deprecated', 'setup.py', 'egg_info', '--egg-base', '../../build/launch_sim', 'build', '--build-base', '/home/louise/Development/wave_rover_gazebo_ws/build/launch_sim/build', 'install', '--record', '/home/louise/Development/wave_rover_gazebo_ws/build/launch_sim/install.log', '--single-version-externally-managed', 'install_data'], 'cwd': '/home/louise/Development/wave_rover_gazebo_ws/src/launch_sim', 'env': {'LESSOPEN': '| /usr/bin/lesspipe %s', 'LANGUAGE': 'en_GB:en', 'USER': 'louise', 'XDG_SESSION_TYPE': 'x11', 'SHLVL': '1', 'LD_LIBRARY_PATH': '/opt/ros/humble/opt/rviz_ogre_vendor/lib:/opt/ros/humble/lib/x86_64-linux-gnu:/opt/ros/humble/lib', 'HOME': '/home/louise', 'OLDPWD': '/home/louise/Development/wave_rover_gazebo_ws/src', 'DESKTOP_SESSION': 'ubuntu', 'ROS_PYTHON_VERSION': '3', 'GNOME_SHELL_SESSION_MODE': 'ubuntu', 'GTK_MODULES': 'gail:atk-bridge', 'DBUS_STARTER_BUS_TYPE': 'session', 'SYSTEMD_EXEC_PID': '2243', 'DBUS_SESSION_BUS_ADDRESS': 'unix:path=/run/user/1000/bus,guid=d02e2ede9f97489066f643f36896fbd8', 'COLORTERM': 'truecolor', 'COLCON_PREFIX_PATH': '/home/louise/Development/wave_rover_gazebo_ws/install', 'ROS_DISTRO': 'humble', 'GTK_IM_MODULE': 'ibus', 'LOGNAME': 'louise', '_': '/usr/bin/colcon', 'ROS_VERSION': '2', 'XDG_SESSION_CLASS': 'user', 'USERNAME': 'louise', 'TERM': 'xterm-256color', 'GNOME_DESKTOP_SESSION_ID': 'this-is-deprecated', 'ROS_LOCALHOST_ONLY': '0', 'WINDOWPATH': '2', 'PATH': '/opt/ros/humble/bin:/home/louise/.local/bin:/usr/local/sbin:/usr/local/bin:/usr/sbin:/usr/bin:/sbin:/bin:/usr/games:/usr/local/games:/snap/bin:/snap/bin', 'SESSION_MANAGER': 'local/louise-ASUS-TUF-Gaming-A15-FA507NVR-FA507NVR:@/tmp/.ICE-unix/2243,unix/louise-ASUS-TUF-Gaming-A15-FA507NVR-FA507NVR:/tmp/.ICE-unix/2243', 'XDG_MENU_PREFIX': 'gnome-', 'GNOME_TERMINAL_SCREEN': '/org/gnome/Terminal/screen/735b2973_e2fc_4809_a676_c84c17a3f1f6', 'XDG_RUNTIME_DIR': '/run/user/1000', 'DISPLAY': ':1', 'LANG': 'en_US.UTF-8', 'XDG_CURRENT_DESKTOP': 'ubuntu:GNOME', 'XMODIFIERS': '@im=ibus', 'XDG_SESSION_DESKTOP': 'ubuntu', 'XAUTHORITY': '/run/user/1000/gdm/Xauthority', 'LS_COLORS': 'rs=0:di=01;34:ln=01;36:mh=00:pi=40;33:so=01;35:do=01;35:bd=40;33;01:cd=40;33;01:or=40;31;01:mi=00:su=37;41:sg=30;43:ca=30;41:tw=30;42:ow=34;42:st=37;44:ex=01;32:*.tar=01;31:*.tgz=01;31:*.arc=01;31:*.arj=01;31:*.taz=01;31:*.lha=01;31:*.lz4=01;31:*.lzh=01;31:*.lzma=01;31:*.tlz=01;31:*.txz=01;31:*.tzo=01;31:*.t7z=01;31:*.zip=01;31:*.z=01;31:*.dz=01;31:*.gz=01;31:*.lrz=01;31:*.lz=01;31:*.lzo=01;31:*.xz=01;31:*.zst=01;31:*.tzst=01;31:*.bz2=01;31:*.bz=01;31:*.tbz=01;31:*.tbz2=01;31:*.tz=01;31:*.deb=01;31:*.rpm=01;31:*.jar=01;31:*.war=01;31:*.ear=01;31:*.sar=01;31:*.rar=01;31:*.alz=01;31:*.ace=01;31:*.zoo=01;31:*.cpio=01;31:*.7z=01;31:*.rz=01;31:*.cab=01;31:*.wim=01;31:*.swm=01;31:*.dwm=01;31:*.esd=01;31:*.jpg=01;35:*.jpeg=01;35:*.mjpg=01;35:*.mjpeg=01;35:*.gif=01;35:*.bmp=01;35:*.pbm=01;35:*.pgm=01;35:*.ppm=01;35:*.tga=01;35:*.xbm=01;35:*.xpm=01;35:*.tif=01;35:*.tiff=01;35:*.png=01;35:*.svg=01;35:*.svgz=01;35:*.mng=01;35:*.pcx=01;35:*.mov=01;35:*.mpg=01;35:*.mpeg=01;35:*.m2v=01;35:*.mkv=01;35:*.webm=01;35:*.webp=01;35:*.ogm=01;35:*.mp4=01;35:*.m4v=01;35:*.mp4v=01;35:*.vob=01;35:*.qt=01;35:*.nuv=01;35:*.wmv=01;35:*.asf=01;35:*.rm=01;35:*.rmvb=01;35:*.flc=01;35:*.avi=01;35:*.fli=01;35:*.flv=01;35:*.gl=01;35:*.dl=01;35:*.xcf=01;35:*.xwd=01;35:*.yuv=01;35:*.cgm=01;35:*.emf=01;35:*.ogv=01;35:*.ogx=01;35:*.aac=00;36:*.au=00;36:*.flac=00;36:*.m4a=00;36:*.mid=00;36:*.midi=00;36:*.mka=00;36:*.mp3=00;36:*.mpc=00;36:*.ogg=00;36:*.ra=00;36:*.wav=00;36:*.oga=00;36:*.opus=00;36:*.spx=00;36:*.xspf=00;36:', 'GNOME_TERMINAL_SERVICE': ':1.104', 'SSH_AGENT_LAUNCHER': 'gnome-keyring', 'SSH_AUTH_SOCK': '/run/user/1000/keyring/ssh', 'AMENT_PREFIX_PATH': '/home/louise/Development/wave_rover_gazebo_ws/install/wave_rover_gazebo:/home/louise/Development/wave_rover_gazebo_ws/install/wave_rover_description:/home/louise/Development/wave_rover_gazebo_ws/install/test_box_launch:/home/louise/Development/wave_rover_gazebo_ws/install/launch_sim:/opt/ros/humble', 'SHELL': '/bin/bash', 'QT_ACCESSIBILITY': '1', 'GDMSESSION': 'ubuntu', 'LESSCLOSE': '/usr/bin/lesspipe %s %s', 'GPG_AGENT_INFO': '/run/user/1000/gnupg/S.gpg-agent:0:1', 'QT_IM_MODULE': 'ibus', 'PWD': '/home/louise/Development/wave_rover_gazebo_ws/build/launch_sim', 'LC_ALL': 'en_US.UTF-8', 'XDG_CONFIG_DIRS': '/etc/xdg/xdg-ubuntu:/etc/xdg', 'DBUS_STARTER_ADDRESS': 'unix:path=/run/user/1000/bus,guid=d02e2ede9f97489066f643f36896fbd8', 'XDG_DATA_DIRS': '/usr/share/ubuntu:/usr/share/gnome:/home/louise/.local/share/flatpak/exports/share:/var/lib/flatpak/exports/share:/usr/local/share/:/usr/share/:/var/lib/snapd/desktop', 'PYTHONPATH': '/home/louise/Development/wave_rover_gazebo_ws/build/launch_sim/prefix_override:/usr/lib/python3/dist-packages/colcon_core/task/python/colcon_distutils_commands:/home/louise/Development/wave_rover_gazebo_ws/install/launch_sim/lib/python3.10/site-packages:/home/louise/Development/wave_rover_gazebo_ws/install/test_box_launch/lib/python3.10/site-packages:/home/louise/Development/wave_rover_gazebo_ws/install/launch_sim/lib/python3.10/site-packages:/opt/ros/humble/lib/python3.10/site-packages:/opt/ros/humble/local/lib/python3.10/dist-packages', 'COLCON': '1', 'VTE_VERSION': '6800', 'CMAKE_PREFIX_PATH': '/home/louise/Development/wave_rover_gazebo_ws/install/wave_rover_gazebo:/home/louise/Development/wave_rover_gazebo_ws/install/wave_rover_description'}, 'shell': False}
[0.684017] (test_box_launch) Command: {'cmd': ['/usr/bin/python3', '-W', 'ignore:setup.py install is deprecated', '-W', 'ignore:easy_install command is deprecated', 'setup.py', 'egg_info', '--egg-base', '../../build/test_box_launch', 'build', '--build-base', '/home/louise/Development/wave_rover_gazebo_ws/build/test_box_launch/build', 'install', '--record', '/home/louise/Development/wave_rover_gazebo_ws/build/test_box_launch/install.log', '--single-version-externally-managed', 'install_data'], 'cwd': '/home/louise/Development/wave_rover_gazebo_ws/src/test_box_launch', 'env': {'LESSOPEN': '| /usr/bin/lesspipe %s', 'LANGUAGE': 'en_GB:en', 'USER': 'louise', 'XDG_SESSION_TYPE': 'x11', 'SHLVL': '1', 'LD_LIBRARY_PATH': '/opt/ros/humble/opt/rviz_ogre_vendor/lib:/opt/ros/humble/lib/x86_64-linux-gnu:/opt/ros/humble/lib', 'HOME': '/home/louise', 'OLDPWD': '/home/louise/Development/wave_rover_gazebo_ws/src', 'DESKTOP_SESSION': 'ubuntu', 'ROS_PYTHON_VERSION': '3', 'GNOME_SHELL_SESSION_MODE': 'ubuntu', 'GTK_MODULES': 'gail:atk-bridge', 'DBUS_STARTER_BUS_TYPE': 'session', 'SYSTEMD_EXEC_PID': '2243', 'DBUS_SESSION_BUS_ADDRESS': 'unix:path=/run/user/1000/bus,guid=d02e2ede9f97489066f643f36896fbd8', 'COLORTERM': 'truecolor', 'COLCON_PREFIX_PATH': '/home/louise/Development/wave_rover_gazebo_ws/install', 'ROS_DISTRO': 'humble', 'GTK_IM_MODULE': 'ibus', 'LOGNAME': 'louise', '_': '/usr/bin/colcon', 'ROS_VERSION': '2', 'XDG_SESSION_CLASS': 'user', 'USERNAME': 'louise', 'TERM': 'xterm-256color', 'GNOME_DESKTOP_SESSION_ID': 'this-is-deprecated', 'ROS_LOCALHOST_ONLY': '0', 'WINDOWPATH': '2', 'PATH': '/opt/ros/humble/bin:/home/louise/.local/bin:/usr/local/sbin:/usr/local/bin:/usr/sbin:/usr/bin:/sbin:/bin:/usr/games:/usr/local/games:/snap/bin:/snap/bin', 'SESSION_MANAGER': 'local/louise-ASUS-TUF-Gaming-A15-FA507NVR-FA507NVR:@/tmp/.ICE-unix/2243,unix/louise-ASUS-TUF-Gaming-A15-FA507NVR-FA507NVR:/tmp/.ICE-unix/2243', 'XDG_MENU_PREFIX': 'gnome-', 'GNOME_TERMINAL_SCREEN': '/org/gnome/Terminal/screen/735b2973_e2fc_4809_a676_c84c17a3f1f6', 'XDG_RUNTIME_DIR': '/run/user/1000', 'DISPLAY': ':1', 'LANG': 'en_US.UTF-8', 'XDG_CURRENT_DESKTOP': 'ubuntu:GNOME', 'XMODIFIERS': '@im=ibus', 'XDG_SESSION_DESKTOP': 'ubuntu', 'XAUTHORITY': '/run/user/1000/gdm/Xauthority', 'LS_COLORS': 'rs=0:di=01;34:ln=01;36:mh=00:pi=40;33:so=01;35:do=01;35:bd=40;33;01:cd=40;33;01:or=40;31;01:mi=00:su=37;41:sg=30;43:ca=30;41:tw=30;42:ow=34;42:st=37;44:ex=01;32:*.tar=01;31:*.tgz=01;31:*.arc=01;31:*.arj=01;31:*.taz=01;31:*.lha=01;31:*.lz4=01;31:*.lzh=01;31:*.lzma=01;31:*.tlz=01;31:*.txz=01;31:*.tzo=01;31:*.t7z=01;31:*.zip=01;31:*.z=01;31:*.dz=01;31:*.gz=01;31:*.lrz=01;31:*.lz=01;31:*.lzo=01;31:*.xz=01;31:*.zst=01;31:*.tzst=01;31:*.bz2=01;31:*.bz=01;31:*.tbz=01;31:*.tbz2=01;31:*.tz=01;31:*.deb=01;31:*.rpm=01;31:*.jar=01;31:*.war=01;31:*.ear=01;31:*.sar=01;31:*.rar=01;31:*.alz=01;31:*.ace=01;31:*.zoo=01;31:*.cpio=01;31:*.7z=01;31:*.rz=01;31:*.cab=01;31:*.wim=01;31:*.swm=01;31:*.dwm=01;31:*.esd=01;31:*.jpg=01;35:*.jpeg=01;35:*.mjpg=01;35:*.mjpeg=01;35:*.gif=01;35:*.bmp=01;35:*.pbm=01;35:*.pgm=01;35:*.ppm=01;35:*.tga=01;35:*.xbm=01;35:*.xpm=01;35:*.tif=01;35:*.tiff=01;35:*.png=01;35:*.svg=01;35:*.svgz=01;35:*.mng=01;35:*.pcx=01;35:*.mov=01;35:*.mpg=01;35:*.mpeg=01;35:*.m2v=01;35:*.mkv=01;35:*.webm=01;35:*.webp=01;35:*.ogm=01;35:*.mp4=01;35:*.m4v=01;35:*.mp4v=01;35:*.vob=01;35:*.qt=01;35:*.nuv=01;35:*.wmv=01;35:*.asf=01;35:*.rm=01;35:*.rmvb=01;35:*.flc=01;35:*.avi=01;35:*.fli=01;35:*.flv=01;35:*.gl=01;35:*.dl=01;35:*.xcf=01;35:*.xwd=01;35:*.yuv=01;35:*.cgm=01;35:*.emf=01;35:*.ogv=01;35:*.ogx=01;35:*.aac=00;36:*.au=00;36:*.flac=00;36:*.m4a=00;36:*.mid=00;36:*.midi=00;36:*.mka=00;36:*.mp3=00;36:*.mpc=00;36:*.ogg=00;36:*.ra=00;36:*.wav=00;36:*.oga=00;36:*.opus=00;36:*.spx=00;36:*.xspf=00;36:', 'GNOME_TERMINAL_SERVICE': ':1.104', 'SSH_AGENT_LAUNCHER': 'gnome-keyring', 'SSH_AUTH_SOCK': '/run/user/1000/keyring/ssh', 'AMENT_PREFIX_PATH': '/home/louise/Development/wave_rover_gazebo_ws/install/wave_rover_gazebo:/home/louise/Development/wave_rover_gazebo_ws/install/wave_rover_description:/home/louise/Development/wave_rover_gazebo_ws/install/test_box_launch:/home/louise/Development/wave_rover_gazebo_ws/install/launch_sim:/opt/ros/humble', 'SHELL': '/bin/bash', 'QT_ACCESSIBILITY': '1', 'GDMSESSION': 'ubuntu', 'LESSCLOSE': '/usr/bin/lesspipe %s %s', 'GPG_AGENT_INFO': '/run/user/1000/gnupg/S.gpg-agent:0:1', 'QT_IM_MODULE': 'ibus', 'PWD': '/home/louise/Development/wave_rover_gazebo_ws/build/test_box_launch', 'LC_ALL': 'en_US.UTF-8', 'XDG_CONFIG_DIRS': '/etc/xdg/xdg-ubuntu:/etc/xdg', 'DBUS_STARTER_ADDRESS': 'unix:path=/run/user/1000/bus,guid=d02e2ede9f97489066f643f36896fbd8', 'XDG_DATA_DIRS': '/usr/share/ubuntu:/usr/share/gnome:/home/louise/.local/share/flatpak/exports/share:/var/lib/flatpak/exports/share:/usr/local/share/:/usr/share/:/var/lib/snapd/desktop', 'PYTHONPATH': '/home/louise/Development/wave_rover_gazebo_ws/build/test_box_launch/prefix_override:/usr/lib/python3/dist-packages/colcon_core/task/python/colcon_distutils_commands:/home/louise/Development/wave_rover_gazebo_ws/install/test_box_launch/lib/python3.10/site-packages:/home/louise/Development/wave_rover_gazebo_ws/install/test_box_launch/lib/python3.10/site-packages:/home/louise/Development/wave_rover_gazebo_ws/install/launch_sim/lib/python3.10/site-packages:/opt/ros/humble/lib/python3.10/site-packages:/opt/ros/humble/local/lib/python3.10/dist-packages', 'COLCON': '1', 'VTE_VERSION': '6800', 'CMAKE_PREFIX_PATH': '/home/louise/Development/wave_rover_gazebo_ws/install/wave_rover_gazebo:/home/louise/Development/wave_rover_gazebo_ws/install/wave_rover_description'}, 'shell': False}
[0.700797] (-) TimerEvent: {}
[0.740374] (wave_rover_description) StdoutLine: {'line': b'-- Found Python3: /usr/bin/python3 (found version "3.10.12") found components: Interpreter \n'}
[0.741634] (wave_rover_gazebo) StdoutLine: {'line': b'-- Found Python3: /usr/bin/python3 (found version "3.10.12") found components: Interpreter \n'}
[0.800889] (-) TimerEvent: {}
[0.819015] (wave_rover_description) StdoutLine: {'line': b'-- Found ament_lint_auto: 0.12.14 (/opt/ros/humble/share/ament_lint_auto/cmake)\n'}
[0.819179] (wave_rover_gazebo) StdoutLine: {'line': b'-- Found ament_lint_auto: 0.12.14 (/opt/ros/humble/share/ament_lint_auto/cmake)\n'}
[0.846032] (launch_sim) StdoutLine: {'line': b'running egg_info\n'}
[0.846383] (launch_sim) StdoutLine: {'line': b'creating ../../build/launch_sim/launch_sim.egg-info\n'}
[0.846552] (launch_sim) StdoutLine: {'line': b'writing ../../build/launch_sim/launch_sim.egg-info/PKG-INFO\n'}
[0.847509] (launch_sim) StdoutLine: {'line': b'writing dependency_links to ../../build/launch_sim/launch_sim.egg-info/dependency_links.txt\n'}
[0.847582] (launch_sim) StdoutLine: {'line': b'writing entry points to ../../build/launch_sim/launch_sim.egg-info/entry_points.txt\n'}
[0.847642] (launch_sim) StdoutLine: {'line': b'writing requirements to ../../build/launch_sim/launch_sim.egg-info/requires.txt\n'}
[0.847701] (launch_sim) StdoutLine: {'line': b'writing top-level names to ../../build/launch_sim/launch_sim.egg-info/top_level.txt\n'}
[0.847805] (launch_sim) StdoutLine: {'line': b"writing manifest file '../../build/launch_sim/launch_sim.egg-info/SOURCES.txt'\n"}
[0.848882] (launch_sim) StdoutLine: {'line': b"reading manifest file '../../build/launch_sim/launch_sim.egg-info/SOURCES.txt'\n"}
[0.849396] (launch_sim) StdoutLine: {'line': b"writing manifest file '../../build/launch_sim/launch_sim.egg-info/SOURCES.txt'\n"}
[0.849489] (launch_sim) StdoutLine: {'line': b'running build\n'}
[0.849526] (launch_sim) StdoutLine: {'line': b'running build_py\n'}
[0.849584] (launch_sim) StdoutLine: {'line': b'creating /home/louise/Development/wave_rover_gazebo_ws/build/launch_sim/build\n'}
[0.849635] (launch_sim) StdoutLine: {'line': b'creating /home/louise/Development/wave_rover_gazebo_ws/build/launch_sim/build/lib\n'}
[0.849686] (launch_sim) StdoutLine: {'line': b'creating /home/louise/Development/wave_rover_gazebo_ws/build/launch_sim/build/lib/launch_sim\n'}
[0.849742] (launch_sim) StdoutLine: {'line': b'copying launch_sim/__init__.py -> /home/louise/Development/wave_rover_gazebo_ws/build/launch_sim/build/lib/launch_sim\n'}
[0.849837] (launch_sim) StdoutLine: {'line': b'running install\n'}
[0.850050] (launch_sim) StdoutLine: {'line': b'running install_lib\n'}
[0.850480] (launch_sim) StdoutLine: {'line': b'creating /home/louise/Development/wave_rover_gazebo_ws/install/launch_sim/lib/python3.10/site-packages/launch_sim\n'}
[0.850564] (launch_sim) StdoutLine: {'line': b'copying /home/louise/Development/wave_rover_gazebo_ws/build/launch_sim/build/lib/launch_sim/__init__.py -> /home/louise/Development/wave_rover_gazebo_ws/install/launch_sim/lib/python3.10/site-packages/launch_sim\n'}
[0.850898] (launch_sim) StdoutLine: {'line': b'byte-compiling /home/louise/Development/wave_rover_gazebo_ws/install/launch_sim/lib/python3.10/site-packages/launch_sim/__init__.py to __init__.cpython-310.pyc\n'}
[0.851044] (launch_sim) StdoutLine: {'line': b'running install_data\n'}
[0.851136] (launch_sim) StdoutLine: {'line': b'creating /home/louise/Development/wave_rover_gazebo_ws/install/launch_sim/share/ament_index\n'}
[0.851175] (launch_sim) StdoutLine: {'line': b'creating /home/louise/Development/wave_rover_gazebo_ws/install/launch_sim/share/ament_index/resource_index\n'}
[0.851232] (launch_sim) StdoutLine: {'line': b'creating /home/louise/Development/wave_rover_gazebo_ws/install/launch_sim/share/ament_index/resource_index/packages\n'}
[0.851265] (launch_sim) StdoutLine: {'line': b'copying resource/launch_sim -> /home/louise/Development/wave_rover_gazebo_ws/install/launch_sim/share/ament_index/resource_index/packages\n'}
[0.851318] (launch_sim) StdoutLine: {'line': b'copying package.xml -> /home/louise/Development/wave_rover_gazebo_ws/install/launch_sim/share/launch_sim\n'}
[0.851413] (launch_sim) StdoutLine: {'line': b'creating /home/louise/Development/wave_rover_gazebo_ws/install/launch_sim/share/launch_sim/launch\n'}
[0.851462] (launch_sim) StdoutLine: {'line': b'copying launch/rover_fortress.launch.py -> /home/louise/Development/wave_rover_gazebo_ws/install/launch_sim/share/launch_sim/launch\n'}
[0.851706] (launch_sim) StdoutLine: {'line': b'copying launch/newest.launch.py -> /home/louise/Development/wave_rover_gazebo_ws/install/launch_sim/share/launch_sim/launch\n'}
[0.852402] (launch_sim) StdoutLine: {'line': b'copying launch/test_minimal.launch.py -> /home/louise/Development/wave_rover_gazebo_ws/install/launch_sim/share/launch_sim/launch\n'}
[0.852640] (launch_sim) StdoutLine: {'line': b'copying launch/simple_fortress.launch.py -> /home/louise/Development/wave_rover_gazebo_ws/install/launch_sim/share/launch_sim/launch\n'}
[0.852702] (launch_sim) StdoutLine: {'line': b'copying launch/simulator.launch.py -> /home/louise/Development/wave_rover_gazebo_ws/install/launch_sim/share/launch_sim/launch\n'}
[0.852947] (launch_sim) StdoutLine: {'line': b'copying launch/view_robot.launch.py -> /home/louise/Development/wave_rover_gazebo_ws/install/launch_sim/share/launch_sim/launch\n'}
[0.853121] (launch_sim) StdoutLine: {'line': b'copying launch/FIX_LAUNCH.launch.py -> /home/louise/Development/wave_rover_gazebo_ws/install/launch_sim/share/launch_sim/launch\n'}
[0.853349] (launch_sim) StdoutLine: {'line': b'copying launch/rsp.launch.py -> /home/louise/Development/wave_rover_gazebo_ws/install/launch_sim/share/launch_sim/launch\n'}
[0.853619] (launch_sim) StdoutLine: {'line': b'copying launch/sim_fortress.launch.py -> /home/louise/Development/wave_rover_gazebo_ws/install/launch_sim/share/launch_sim/launch\n'}
[0.853714] (launch_sim) StdoutLine: {'line': b'copying launch/debug_robot.launch.py -> /home/louise/Development/wave_rover_gazebo_ws/install/launch_sim/share/launch_sim/launch\n'}
[0.853931] (launch_sim) StdoutLine: {'line': b'copying launch/minimal_gazebo.launch.py -> /home/louise/Development/wave_rover_gazebo_ws/install/launch_sim/share/launch_sim/launch\n'}
[0.854159] (launch_sim) StdoutLine: {'line': b'copying launch/SIMLAUNCHER.launch.py -> /home/louise/Development/wave_rover_gazebo_ws/install/launch_sim/share/launch_sim/launch\n'}
[0.854461] (launch_sim) StdoutLine: {'line': b'copying launch/rover_fortress_simple.launch.py -> /home/louise/Development/wave_rover_gazebo_ws/install/launch_sim/share/launch_sim/launch\n'}
[0.854695] (launch_sim) StdoutLine: {'line': b'copying launch/test_simple_sdf.launch.py -> /home/louise/Development/wave_rover_gazebo_ws/install/launch_sim/share/launch_sim/launch\n'}
[0.854931] (launch_sim) StdoutLine: {'line': b'copying launch/test_clean_sdf.launch.py -> /home/louise/Development/wave_rover_gazebo_ws/install/launch_sim/share/launch_sim/launch\n'}
[0.855622] (launch_sim) StdoutLine: {'line': b'copying launch/sim.launch.py -> /home/louise/Development/wave_rover_gazebo_ws/install/launch_sim/share/launch_sim/launch\n'}
[0.855773] (launch_sim) StdoutLine: {'line': b'running install_egg_info\n'}
[0.857291] (launch_sim) StdoutLine: {'line': b'Copying ../../build/launch_sim/launch_sim.egg-info to /home/louise/Development/wave_rover_gazebo_ws/install/launch_sim/lib/python3.10/site-packages/launch_sim-0.0.0-py3.10.egg-info\n'}
[0.857963] (launch_sim) StdoutLine: {'line': b'running install_scripts\n'}
[0.859520] (test_box_launch) StdoutLine: {'line': b'running egg_info\n'}
[0.860271] (test_box_launch) StdoutLine: {'line': b'creating ../../build/test_box_launch/test_box_launch.egg-info\n'}
[0.860454] (test_box_launch) StdoutLine: {'line': b'writing ../../build/test_box_launch/test_box_launch.egg-info/PKG-INFO\n'}
[0.860635] (test_box_launch) StdoutLine: {'line': b'writing dependency_links to ../../build/test_box_launch/test_box_launch.egg-info/dependency_links.txt\n'}
[0.860721] (test_box_launch) StdoutLine: {'line': b'writing entry points to ../../build/test_box_launch/test_box_launch.egg-info/entry_points.txt\n'}
[0.860872] (test_box_launch) StdoutLine: {'line': b'writing requirements to ../../build/test_box_launch/test_box_launch.egg-info/requires.txt\n'}
[0.861011] (test_box_launch) StdoutLine: {'line': b'writing top-level names to ../../build/test_box_launch/test_box_launch.egg-info/top_level.txt\n'}
[0.861118] (test_box_launch) StdoutLine: {'line': b"writing manifest file '../../build/test_box_launch/test_box_launch.egg-info/SOURCES.txt'\n"}
[0.862403] (test_box_launch) StdoutLine: {'line': b"reading manifest file '../../build/test_box_launch/test_box_launch.egg-info/SOURCES.txt'\n"}
[0.862910] (test_box_launch) StdoutLine: {'line': b"writing manifest file '../../build/test_box_launch/test_box_launch.egg-info/SOURCES.txt'\n"}
[0.863011] (test_box_launch) StdoutLine: {'line': b'running build\n'}
[0.863091] (test_box_launch) StdoutLine: {'line': b'running build_py\n'}
[0.863193] (test_box_launch) StdoutLine: {'line': b'creating /home/louise/Development/wave_rover_gazebo_ws/build/test_box_launch/build\n'}
[0.863311] (test_box_launch) StdoutLine: {'line': b'creating /home/louise/Development/wave_rover_gazebo_ws/build/test_box_launch/build/lib\n'}
[0.863388] (test_box_launch) StdoutLine: {'line': b'creating /home/louise/Development/wave_rover_gazebo_ws/build/test_box_launch/build/lib/test_box_launch\n'}
[0.863500] (test_box_launch) StdoutLine: {'line': b'copying test_box_launch/__init__.py -> /home/louise/Development/wave_rover_gazebo_ws/build/test_box_launch/build/lib/test_box_launch\n'}
[0.863572] (test_box_launch) StdoutLine: {'line': b'running install\n'}
[0.863729] (test_box_launch) StdoutLine: {'line': b'running install_lib\n'}
[0.864285] (test_box_launch) StdoutLine: {'line': b'creating /home/louise/Development/wave_rover_gazebo_ws/install/test_box_launch/lib/python3.10/site-packages/test_box_launch\n'}
[0.864353] (test_box_launch) StdoutLine: {'line': b'copying /home/louise/Development/wave_rover_gazebo_ws/build/test_box_launch/build/lib/test_box_launch/__init__.py -> /home/louise/Development/wave_rover_gazebo_ws/install/test_box_launch/lib/python3.10/site-packages/test_box_launch\n'}
[0.864728] (test_box_launch) StdoutLine: {'line': b'byte-compiling /home/louise/Development/wave_rover_gazebo_ws/install/test_box_launch/lib/python3.10/site-packages/test_box_launch/__init__.py to __init__.cpython-310.pyc\n'}
[0.864922] (test_box_launch) StdoutLine: {'line': b'running install_data\n'}
[0.865111] (test_box_launch) StdoutLine: {'line': b'creating /home/louise/Development/wave_rover_gazebo_ws/install/test_box_launch/share/ament_index\n'}
[0.865237] (test_box_launch) StdoutLine: {'line': b'creating /home/louise/Development/wave_rover_gazebo_ws/install/test_box_launch/share/ament_index/resource_index\n'}
[0.865323] (test_box_launch) StdoutLine: {'line': b'creating /home/louise/Development/wave_rover_gazebo_ws/install/test_box_launch/share/ament_index/resource_index/packages\n'}
[0.865410] (test_box_launch) StdoutLine: {'line': b'copying resource/test_box_launch -> /home/louise/Development/wave_rover_gazebo_ws/install/test_box_launch/share/ament_index/resource_index/packages\n'}
[0.865507] (test_box_launch) StdoutLine: {'line': b'copying package.xml -> /home/louise/Development/wave_rover_gazebo_ws/install/test_box_launch/share/test_box_launch\n'}
[0.865565] (test_box_launch) StdoutLine: {'line': b'creating /home/louise/Development/wave_rover_gazebo_ws/install/test_box_launch/share/test_box_launch/launch\n'}
[0.865602] (test_box_launch) StdoutLine: {'line': b'copying launch/display_box.launch.py -> /home/louise/Development/wave_rover_gazebo_ws/install/test_box_launch/share/test_box_launch/launch\n'}
[0.865687] (test_box_launch) StdoutLine: {'line': b'running install_egg_info\n'}
[0.867774] (test_box_launch) StdoutLine: {'line': b'Copying ../../build/test_box_launch/test_box_launch.egg-info to /home/louise/Development/wave_rover_gazebo_ws/install/test_box_launch/lib/python3.10/site-packages/test_box_launch-0.0.0-py3.10.egg-info\n'}
[0.868411] (test_box_launch) StdoutLine: {'line': b'running install_scripts\n'}
[0.872679] (launch_sim) StdoutLine: {'line': b"writing list of installed files to '/home/louise/Development/wave_rover_gazebo_ws/build/launch_sim/install.log'\n"}
[0.882303] (wave_rover_gazebo) StdoutLine: {'line': b"-- Added test 'lint_cmake' to check CMake code style\n"}
[0.883090] (test_box_launch) StdoutLine: {'line': b"writing list of installed files to '/home/louise/Development/wave_rover_gazebo_ws/build/test_box_launch/install.log'\n"}
[0.883268] (wave_rover_gazebo) StdoutLine: {'line': b"-- Added test 'xmllint' to check XML markup files\n"}
[0.884380] (wave_rover_gazebo) StdoutLine: {'line': b'-- Configuring done\n'}
[0.886880] (wave_rover_gazebo) StdoutLine: {'line': b'-- Generating done\n'}
[0.888238] (wave_rover_gazebo) StdoutLine: {'line': b'-- Build files have been written to: /home/louise/Development/wave_rover_gazebo_ws/build/wave_rover_gazebo\n'}
[0.891281] (wave_rover_description) StdoutLine: {'line': b"-- Added test 'flake8' to check Python code syntax and style conventions\n"}
[0.892451] (wave_rover_gazebo) CommandEnded: {'returncode': 0}
[0.892992] (wave_rover_gazebo) JobProgress: {'identifier': 'wave_rover_gazebo', 'progress': 'build'}
[0.894125] (wave_rover_gazebo) Command: {'cmd': ['/usr/bin/cmake', '--build', '/home/louise/Development/wave_rover_gazebo_ws/build/wave_rover_gazebo', '--', '-j16', '-l16'], 'cwd': '/home/louise/Development/wave_rover_gazebo_ws/build/wave_rover_gazebo', 'env': OrderedDict([('LESSOPEN', '| /usr/bin/lesspipe %s'), ('LANGUAGE', 'en_GB:en'), ('USER', 'louise'), ('XDG_SESSION_TYPE', 'x11'), ('SHLVL', '1'), ('LD_LIBRARY_PATH', '/opt/ros/humble/opt/rviz_ogre_vendor/lib:/opt/ros/humble/lib/x86_64-linux-gnu:/opt/ros/humble/lib'), ('HOME', '/home/louise'), ('OLDPWD', '/home/louise/Development/wave_rover_gazebo_ws/src'), ('DESKTOP_SESSION', 'ubuntu'), ('ROS_PYTHON_VERSION', '3'), ('GNOME_SHELL_SESSION_MODE', 'ubuntu'), ('GTK_MODULES', 'gail:atk-bridge'), ('DBUS_STARTER_BUS_TYPE', 'session'), ('SYSTEMD_EXEC_PID', '2243'), ('DBUS_SESSION_BUS_ADDRESS', 'unix:path=/run/user/1000/bus,guid=d02e2ede9f97489066f643f36896fbd8'), ('COLORTERM', 'truecolor'), ('COLCON_PREFIX_PATH', '/home/louise/Development/wave_rover_gazebo_ws/install'), ('ROS_DISTRO', 'humble'), ('GTK_IM_MODULE', 'ibus'), ('LOGNAME', 'louise'), ('_', '/usr/bin/colcon'), ('ROS_VERSION', '2'), ('XDG_SESSION_CLASS', 'user'), ('USERNAME', 'louise'), ('TERM', 'xterm-256color'), ('GNOME_DESKTOP_SESSION_ID', 'this-is-deprecated'), ('ROS_LOCALHOST_ONLY', '0'), ('WINDOWPATH', '2'), ('PATH', '/opt/ros/humble/bin:/home/louise/.local/bin:/usr/local/sbin:/usr/local/bin:/usr/sbin:/usr/bin:/sbin:/bin:/usr/games:/usr/local/games:/snap/bin:/snap/bin'), ('SESSION_MANAGER', 'local/louise-ASUS-TUF-Gaming-A15-FA507NVR-FA507NVR:@/tmp/.ICE-unix/2243,unix/louise-ASUS-TUF-Gaming-A15-FA507NVR-FA507NVR:/tmp/.ICE-unix/2243'), ('XDG_MENU_PREFIX', 'gnome-'), ('GNOME_TERMINAL_SCREEN', '/org/gnome/Terminal/screen/735b2973_e2fc_4809_a676_c84c17a3f1f6'), ('XDG_RUNTIME_DIR', '/run/user/1000'), ('DISPLAY', ':1'), ('LANG', 'en_US.UTF-8'), ('XDG_CURRENT_DESKTOP', 'ubuntu:GNOME'), ('XMODIFIERS', '@im=ibus'), ('XDG_SESSION_DESKTOP', 'ubuntu'), ('XAUTHORITY', '/run/user/1000/gdm/Xauthority'), ('LS_COLORS', 'rs=0:di=01;34:ln=01;36:mh=00:pi=40;33:so=01;35:do=01;35:bd=40;33;01:cd=40;33;01:or=40;31;01:mi=00:su=37;41:sg=30;43:ca=30;41:tw=30;42:ow=34;42:st=37;44:ex=01;32:*.tar=01;31:*.tgz=01;31:*.arc=01;31:*.arj=01;31:*.taz=01;31:*.lha=01;31:*.lz4=01;31:*.lzh=01;31:*.lzma=01;31:*.tlz=01;31:*.txz=01;31:*.tzo=01;31:*.t7z=01;31:*.zip=01;31:*.z=01;31:*.dz=01;31:*.gz=01;31:*.lrz=01;31:*.lz=01;31:*.lzo=01;31:*.xz=01;31:*.zst=01;31:*.tzst=01;31:*.bz2=01;31:*.bz=01;31:*.tbz=01;31:*.tbz2=01;31:*.tz=01;31:*.deb=01;31:*.rpm=01;31:*.jar=01;31:*.war=01;31:*.ear=01;31:*.sar=01;31:*.rar=01;31:*.alz=01;31:*.ace=01;31:*.zoo=01;31:*.cpio=01;31:*.7z=01;31:*.rz=01;31:*.cab=01;31:*.wim=01;31:*.swm=01;31:*.dwm=01;31:*.esd=01;31:*.jpg=01;35:*.jpeg=01;35:*.mjpg=01;35:*.mjpeg=01;35:*.gif=01;35:*.bmp=01;35:*.pbm=01;35:*.pgm=01;35:*.ppm=01;35:*.tga=01;35:*.xbm=01;35:*.xpm=01;35:*.tif=01;35:*.tiff=01;35:*.png=01;35:*.svg=01;35:*.svgz=01;35:*.mng=01;35:*.pcx=01;35:*.mov=01;35:*.mpg=01;35:*.mpeg=01;35:*.m2v=01;35:*.mkv=01;35:*.webm=01;35:*.webp=01;35:*.ogm=01;35:*.mp4=01;35:*.m4v=01;35:*.mp4v=01;35:*.vob=01;35:*.qt=01;35:*.nuv=01;35:*.wmv=01;35:*.asf=01;35:*.rm=01;35:*.rmvb=01;35:*.flc=01;35:*.avi=01;35:*.fli=01;35:*.flv=01;35:*.gl=01;35:*.dl=01;35:*.xcf=01;35:*.xwd=01;35:*.yuv=01;35:*.cgm=01;35:*.emf=01;35:*.ogv=01;35:*.ogx=01;35:*.aac=00;36:*.au=00;36:*.flac=00;36:*.m4a=00;36:*.mid=00;36:*.midi=00;36:*.mka=00;36:*.mp3=00;36:*.mpc=00;36:*.ogg=00;36:*.ra=00;36:*.wav=00;36:*.oga=00;36:*.opus=00;36:*.spx=00;36:*.xspf=00;36:'), ('GNOME_TERMINAL_SERVICE', ':1.104'), ('SSH_AGENT_LAUNCHER', 'gnome-keyring'), ('SSH_AUTH_SOCK', '/run/user/1000/keyring/ssh'), ('AMENT_PREFIX_PATH', '/home/louise/Development/wave_rover_gazebo_ws/install/wave_rover_gazebo:/home/louise/Development/wave_rover_gazebo_ws/install/wave_rover_description:/home/louise/Development/wave_rover_gazebo_ws/install/test_box_launch:/home/louise/Development/wave_rover_gazebo_ws/install/launch_sim:/opt/ros/humble'), ('SHELL', '/bin/bash'), ('QT_ACCESSIBILITY', '1'), ('GDMSESSION', 'ubuntu'), ('LESSCLOSE', '/usr/bin/lesspipe %s %s'), ('GPG_AGENT_INFO', '/run/user/1000/gnupg/S.gpg-agent:0:1'), ('QT_IM_MODULE', 'ibus'), ('PWD', '/home/louise/Development/wave_rover_gazebo_ws/build/wave_rover_gazebo'), ('LC_ALL', 'en_US.UTF-8'), ('XDG_CONFIG_DIRS', '/etc/xdg/xdg-ubuntu:/etc/xdg'), ('DBUS_STARTER_ADDRESS', 'unix:path=/run/user/1000/bus,guid=d02e2ede9f97489066f643f36896fbd8'), ('XDG_DATA_DIRS', '/usr/share/ubuntu:/usr/share/gnome:/home/louise/.local/share/flatpak/exports/share:/var/lib/flatpak/exports/share:/usr/local/share/:/usr/share/:/var/lib/snapd/desktop'), ('PYTHONPATH', '/home/louise/Development/wave_rover_gazebo_ws/install/test_box_launch/lib/python3.10/site-packages:/home/louise/Development/wave_rover_gazebo_ws/install/launch_sim/lib/python3.10/site-packages:/opt/ros/humble/lib/python3.10/site-packages:/opt/ros/humble/local/lib/python3.10/dist-packages'), ('COLCON', '1'), ('VTE_VERSION', '6800'), ('CMAKE_PREFIX_PATH', '/home/louise/Development/wave_rover_gazebo_ws/install/wave_rover_gazebo:/home/louise/Development/wave_rover_gazebo_ws/install/wave_rover_description:/home/louise/Development/wave_rover_gazebo_ws/install/test_box_launch:/home/louise/Development/wave_rover_gazebo_ws/install/launch_sim:/opt/ros/humble')]), 'shell': False}
[0.894978] (wave_rover_description) StdoutLine: {'line': b"-- Added test 'lint_cmake' to check CMake code style\n"}
[0.895169] (wave_rover_description) StdoutLine: {'line': b"-- Added test 'pep257' to check Python code against some of the docstring style conventions in PEP 257\n"}
[0.895486] (launch_sim) CommandEnded: {'returncode': 0}
[0.901130] (-) TimerEvent: {}
[0.902069] (launch_sim) JobEnded: {'identifier': 'launch_sim', 'rc': 0}
[0.904659] (wave_rover_description) StdoutLine: {'line': b"-- Added test 'xmllint' to check XML markup files\n"}
[0.906212] (wave_rover_description) StdoutLine: {'line': b'-- Configuring done\n'}
[0.906412] (test_box_launch) CommandEnded: {'returncode': 0}
[0.908136] (wave_rover_description) StdoutLine: {'line': b'-- Generating done\n'}
[0.909494] (wave_rover_description) StdoutLine: {'line': b'-- Build files have been written to: /home/louise/Development/wave_rover_gazebo_ws/build/wave_rover_description\n'}
[0.910298] (test_box_launch) JobEnded: {'identifier': 'test_box_launch', 'rc': 0}
[0.912939] (wave_rover_description) CommandEnded: {'returncode': 0}
[0.913504] (wave_rover_description) JobProgress: {'identifier': 'wave_rover_description', 'progress': 'build'}
[0.913775] (wave_rover_description) Command: {'cmd': ['/usr/bin/cmake', '--build', '/home/louise/Development/wave_rover_gazebo_ws/build/wave_rover_description', '--', '-j16', '-l16'], 'cwd': '/home/louise/Development/wave_rover_gazebo_ws/build/wave_rover_description', 'env': OrderedDict([('LESSOPEN', '| /usr/bin/lesspipe %s'), ('LANGUAGE', 'en_GB:en'), ('USER', 'louise'), ('XDG_SESSION_TYPE', 'x11'), ('SHLVL', '1'), ('LD_LIBRARY_PATH', '/opt/ros/humble/opt/rviz_ogre_vendor/lib:/opt/ros/humble/lib/x86_64-linux-gnu:/opt/ros/humble/lib'), ('HOME', '/home/louise'), ('OLDPWD', '/home/louise/Development/wave_rover_gazebo_ws/src'), ('DESKTOP_SESSION', 'ubuntu'), ('ROS_PYTHON_VERSION', '3'), ('GNOME_SHELL_SESSION_MODE', 'ubuntu'), ('GTK_MODULES', 'gail:atk-bridge'), ('DBUS_STARTER_BUS_TYPE', 'session'), ('SYSTEMD_EXEC_PID', '2243'), ('DBUS_SESSION_BUS_ADDRESS', 'unix:path=/run/user/1000/bus,guid=d02e2ede9f97489066f643f36896fbd8'), ('COLORTERM', 'truecolor'), ('COLCON_PREFIX_PATH', '/home/louise/Development/wave_rover_gazebo_ws/install'), ('ROS_DISTRO', 'humble'), ('GTK_IM_MODULE', 'ibus'), ('LOGNAME', 'louise'), ('_', '/usr/bin/colcon'), ('ROS_VERSION', '2'), ('XDG_SESSION_CLASS', 'user'), ('USERNAME', 'louise'), ('TERM', 'xterm-256color'), ('GNOME_DESKTOP_SESSION_ID', 'this-is-deprecated'), ('ROS_LOCALHOST_ONLY', '0'), ('WINDOWPATH', '2'), ('PATH', '/opt/ros/humble/bin:/home/louise/.local/bin:/usr/local/sbin:/usr/local/bin:/usr/sbin:/usr/bin:/sbin:/bin:/usr/games:/usr/local/games:/snap/bin:/snap/bin'), ('SESSION_MANAGER', 'local/louise-ASUS-TUF-Gaming-A15-FA507NVR-FA507NVR:@/tmp/.ICE-unix/2243,unix/louise-ASUS-TUF-Gaming-A15-FA507NVR-FA507NVR:/tmp/.ICE-unix/2243'), ('XDG_MENU_PREFIX', 'gnome-'), ('GNOME_TERMINAL_SCREEN', '/org/gnome/Terminal/screen/735b2973_e2fc_4809_a676_c84c17a3f1f6'), ('XDG_RUNTIME_DIR', '/run/user/1000'), ('DISPLAY', ':1'), ('LANG', 'en_US.UTF-8'), ('XDG_CURRENT_DESKTOP', 'ubuntu:GNOME'), ('XMODIFIERS', '@im=ibus'), ('XDG_SESSION_DESKTOP', 'ubuntu'), ('XAUTHORITY', '/run/user/1000/gdm/Xauthority'), ('LS_COLORS', 'rs=0:di=01;34:ln=01;36:mh=00:pi=40;33:so=01;35:do=01;35:bd=40;33;01:cd=40;33;01:or=40;31;01:mi=00:su=37;41:sg=30;43:ca=30;41:tw=30;42:ow=34;42:st=37;44:ex=01;32:*.tar=01;31:*.tgz=01;31:*.arc=01;31:*.arj=01;31:*.taz=01;31:*.lha=01;31:*.lz4=01;31:*.lzh=01;31:*.lzma=01;31:*.tlz=01;31:*.txz=01;31:*.tzo=01;31:*.t7z=01;31:*.zip=01;31:*.z=01;31:*.dz=01;31:*.gz=01;31:*.lrz=01;31:*.lz=01;31:*.lzo=01;31:*.xz=01;31:*.zst=01;31:*.tzst=01;31:*.bz2=01;31:*.bz=01;31:*.tbz=01;31:*.tbz2=01;31:*.tz=01;31:*.deb=01;31:*.rpm=01;31:*.jar=01;31:*.war=01;31:*.ear=01;31:*.sar=01;31:*.rar=01;31:*.alz=01;31:*.ace=01;31:*.zoo=01;31:*.cpio=01;31:*.7z=01;31:*.rz=01;31:*.cab=01;31:*.wim=01;31:*.swm=01;31:*.dwm=01;31:*.esd=01;31:*.jpg=01;35:*.jpeg=01;35:*.mjpg=01;35:*.mjpeg=01;35:*.gif=01;35:*.bmp=01;35:*.pbm=01;35:*.pgm=01;35:*.ppm=01;35:*.tga=01;35:*.xbm=01;35:*.xpm=01;35:*.tif=01;35:*.tiff=01;35:*.png=01;35:*.svg=01;35:*.svgz=01;35:*.mng=01;35:*.pcx=01;35:*.mov=01;35:*.mpg=01;35:*.mpeg=01;35:*.m2v=01;35:*.mkv=01;35:*.webm=01;35:*.webp=01;35:*.ogm=01;35:*.mp4=01;35:*.m4v=01;35:*.mp4v=01;35:*.vob=01;35:*.qt=01;35:*.nuv=01;35:*.wmv=01;35:*.asf=01;35:*.rm=01;35:*.rmvb=01;35:*.flc=01;35:*.avi=01;35:*.fli=01;35:*.flv=01;35:*.gl=01;35:*.dl=01;35:*.xcf=01;35:*.xwd=01;35:*.yuv=01;35:*.cgm=01;35:*.emf=01;35:*.ogv=01;35:*.ogx=01;35:*.aac=00;36:*.au=00;36:*.flac=00;36:*.m4a=00;36:*.mid=00;36:*.midi=00;36:*.mka=00;36:*.mp3=00;36:*.mpc=00;36:*.ogg=00;36:*.ra=00;36:*.wav=00;36:*.oga=00;36:*.opus=00;36:*.spx=00;36:*.xspf=00;36:'), ('GNOME_TERMINAL_SERVICE', ':1.104'), ('SSH_AGENT_LAUNCHER', 'gnome-keyring'), ('SSH_AUTH_SOCK', '/run/user/1000/keyring/ssh'), ('AMENT_PREFIX_PATH', '/home/louise/Development/wave_rover_gazebo_ws/install/wave_rover_gazebo:/home/louise/Development/wave_rover_gazebo_ws/install/wave_rover_description:/home/louise/Development/wave_rover_gazebo_ws/install/test_box_launch:/home/louise/Development/wave_rover_gazebo_ws/install/launch_sim:/opt/ros/humble'), ('SHELL', '/bin/bash'), ('QT_ACCESSIBILITY', '1'), ('GDMSESSION', 'ubuntu'), ('LESSCLOSE', '/usr/bin/lesspipe %s %s'), ('GPG_AGENT_INFO', '/run/user/1000/gnupg/S.gpg-agent:0:1'), ('QT_IM_MODULE', 'ibus'), ('PWD', '/home/louise/Development/wave_rover_gazebo_ws/build/wave_rover_description'), ('LC_ALL', 'en_US.UTF-8'), ('XDG_CONFIG_DIRS', '/etc/xdg/xdg-ubuntu:/etc/xdg'), ('DBUS_STARTER_ADDRESS', 'unix:path=/run/user/1000/bus,guid=d02e2ede9f97489066f643f36896fbd8'), ('XDG_DATA_DIRS', '/usr/share/ubuntu:/usr/share/gnome:/home/louise/.local/share/flatpak/exports/share:/var/lib/flatpak/exports/share:/usr/local/share/:/usr/share/:/var/lib/snapd/desktop'), ('PYTHONPATH', '/home/louise/Development/wave_rover_gazebo_ws/install/test_box_launch/lib/python3.10/site-packages:/home/louise/Development/wave_rover_gazebo_ws/install/launch_sim/lib/python3.10/site-packages:/opt/ros/humble/lib/python3.10/site-packages:/opt/ros/humble/local/lib/python3.10/dist-packages'), ('COLCON', '1'), ('VTE_VERSION', '6800'), ('CMAKE_PREFIX_PATH', '/home/louise/Development/wave_rover_gazebo_ws/install/wave_rover_gazebo:/home/louise/Development/wave_rover_gazebo_ws/install/wave_rover_description:/home/louise/Development/wave_rover_gazebo_ws/install/test_box_launch:/home/louise/Development/wave_rover_gazebo_ws/install/launch_sim:/opt/ros/humble')]), 'shell': False}
[0.927728] (wave_rover_gazebo) CommandEnded: {'returncode': 0}
[0.928256] (wave_rover_gazebo) JobProgress: {'identifier': 'wave_rover_gazebo', 'progress': 'install'}
[0.935569] (wave_rover_gazebo) Command: {'cmd': ['/usr/bin/cmake', '--install', '/home/louise/Development/wave_rover_gazebo_ws/build/wave_rover_gazebo'], 'cwd': '/home/louise/Development/wave_rover_gazebo_ws/build/wave_rover_gazebo', 'env': OrderedDict([('LESSOPEN', '| /usr/bin/lesspipe %s'), ('LANGUAGE', 'en_GB:en'), ('USER', 'louise'), ('XDG_SESSION_TYPE', 'x11'), ('SHLVL', '1'), ('LD_LIBRARY_PATH', '/opt/ros/humble/opt/rviz_ogre_vendor/lib:/opt/ros/humble/lib/x86_64-linux-gnu:/opt/ros/humble/lib'), ('HOME', '/home/louise'), ('OLDPWD', '/home/louise/Development/wave_rover_gazebo_ws/src'), ('DESKTOP_SESSION', 'ubuntu'), ('ROS_PYTHON_VERSION', '3'), ('GNOME_SHELL_SESSION_MODE', 'ubuntu'), ('GTK_MODULES', 'gail:atk-bridge'), ('DBUS_STARTER_BUS_TYPE', 'session'), ('SYSTEMD_EXEC_PID', '2243'), ('DBUS_SESSION_BUS_ADDRESS', 'unix:path=/run/user/1000/bus,guid=d02e2ede9f97489066f643f36896fbd8'), ('COLORTERM', 'truecolor'), ('COLCON_PREFIX_PATH', '/home/louise/Development/wave_rover_gazebo_ws/install'), ('ROS_DISTRO', 'humble'), ('GTK_IM_MODULE', 'ibus'), ('LOGNAME', 'louise'), ('_', '/usr/bin/colcon'), ('ROS_VERSION', '2'), ('XDG_SESSION_CLASS', 'user'), ('USERNAME', 'louise'), ('TERM', 'xterm-256color'), ('GNOME_DESKTOP_SESSION_ID', 'this-is-deprecated'), ('ROS_LOCALHOST_ONLY', '0'), ('WINDOWPATH', '2'), ('PATH', '/opt/ros/humble/bin:/home/louise/.local/bin:/usr/local/sbin:/usr/local/bin:/usr/sbin:/usr/bin:/sbin:/bin:/usr/games:/usr/local/games:/snap/bin:/snap/bin'), ('SESSION_MANAGER', 'local/louise-ASUS-TUF-Gaming-A15-FA507NVR-FA507NVR:@/tmp/.ICE-unix/2243,unix/louise-ASUS-TUF-Gaming-A15-FA507NVR-FA507NVR:/tmp/.ICE-unix/2243'), ('XDG_MENU_PREFIX', 'gnome-'), ('GNOME_TERMINAL_SCREEN', '/org/gnome/Terminal/screen/735b2973_e2fc_4809_a676_c84c17a3f1f6'), ('XDG_RUNTIME_DIR', '/run/user/1000'), ('DISPLAY', ':1'), ('LANG', 'en_US.UTF-8'), ('XDG_CURRENT_DESKTOP', 'ubuntu:GNOME'), ('XMODIFIERS', '@im=ibus'), ('XDG_SESSION_DESKTOP', 'ubuntu'), ('XAUTHORITY', '/run/user/1000/gdm/Xauthority'), ('LS_COLORS', 'rs=0:di=01;34:ln=01;36:mh=00:pi=40;33:so=01;35:do=01;35:bd=40;33;01:cd=40;33;01:or=40;31;01:mi=00:su=37;41:sg=30;43:ca=30;41:tw=30;42:ow=34;42:st=37;44:ex=01;32:*.tar=01;31:*.tgz=01;31:*.arc=01;31:*.arj=01;31:*.taz=01;31:*.lha=01;31:*.lz4=01;31:*.lzh=01;31:*.lzma=01;31:*.tlz=01;31:*.txz=01;31:*.tzo=01;31:*.t7z=01;31:*.zip=01;31:*.z=01;31:*.dz=01;31:*.gz=01;31:*.lrz=01;31:*.lz=01;31:*.lzo=01;31:*.xz=01;31:*.zst=01;31:*.tzst=01;31:*.bz2=01;31:*.bz=01;31:*.tbz=01;31:*.tbz2=01;31:*.tz=01;31:*.deb=01;31:*.rpm=01;31:*.jar=01;31:*.war=01;31:*.ear=01;31:*.sar=01;31:*.rar=01;31:*.alz=01;31:*.ace=01;31:*.zoo=01;31:*.cpio=01;31:*.7z=01;31:*.rz=01;31:*.cab=01;31:*.wim=01;31:*.swm=01;31:*.dwm=01;31:*.esd=01;31:*.jpg=01;35:*.jpeg=01;35:*.mjpg=01;35:*.mjpeg=01;35:*.gif=01;35:*.bmp=01;35:*.pbm=01;35:*.pgm=01;35:*.ppm=01;35:*.tga=01;35:*.xbm=01;35:*.xpm=01;35:*.tif=01;35:*.tiff=01;35:*.png=01;35:*.svg=01;35:*.svgz=01;35:*.mng=01;35:*.pcx=01;35:*.mov=01;35:*.mpg=01;35:*.mpeg=01;35:*.m2v=01;35:*.mkv=01;35:*.webm=01;35:*.webp=01;35:*.ogm=01;35:*.mp4=01;35:*.m4v=01;35:*.mp4v=01;35:*.vob=01;35:*.qt=01;35:*.nuv=01;35:*.wmv=01;35:*.asf=01;35:*.rm=01;35:*.rmvb=01;35:*.flc=01;35:*.avi=01;35:*.fli=01;35:*.flv=01;35:*.gl=01;35:*.dl=01;35:*.xcf=01;35:*.xwd=01;35:*.yuv=01;35:*.cgm=01;35:*.emf=01;35:*.ogv=01;35:*.ogx=01;35:*.aac=00;36:*.au=00;36:*.flac=00;36:*.m4a=00;36:*.mid=00;36:*.midi=00;36:*.mka=00;36:*.mp3=00;36:*.mpc=00;36:*.ogg=00;36:*.ra=00;36:*.wav=00;36:*.oga=00;36:*.opus=00;36:*.spx=00;36:*.xspf=00;36:'), ('GNOME_TERMINAL_SERVICE', ':1.104'), ('SSH_AGENT_LAUNCHER', 'gnome-keyring'), ('SSH_AUTH_SOCK', '/run/user/1000/keyring/ssh'), ('AMENT_PREFIX_PATH', '/home/louise/Development/wave_rover_gazebo_ws/install/wave_rover_gazebo:/home/louise/Development/wave_rover_gazebo_ws/install/wave_rover_description:/home/louise/Development/wave_rover_gazebo_ws/install/test_box_launch:/home/louise/Development/wave_rover_gazebo_ws/install/launch_sim:/opt/ros/humble'), ('SHELL', '/bin/bash'), ('QT_ACCESSIBILITY', '1'), ('GDMSESSION', 'ubuntu'), ('LESSCLOSE', '/usr/bin/lesspipe %s %s'), ('GPG_AGENT_INFO', '/run/user/1000/gnupg/S.gpg-agent:0:1'), ('QT_IM_MODULE', 'ibus'), ('PWD', '/home/louise/Development/wave_rover_gazebo_ws/build/wave_rover_gazebo'), ('LC_ALL', 'en_US.UTF-8'), ('XDG_CONFIG_DIRS', '/etc/xdg/xdg-ubuntu:/etc/xdg'), ('DBUS_STARTER_ADDRESS', 'unix:path=/run/user/1000/bus,guid=d02e2ede9f97489066f643f36896fbd8'), ('XDG_DATA_DIRS', '/usr/share/ubuntu:/usr/share/gnome:/home/louise/.local/share/flatpak/exports/share:/var/lib/flatpak/exports/share:/usr/local/share/:/usr/share/:/var/lib/snapd/desktop'), ('PYTHONPATH', '/home/louise/Development/wave_rover_gazebo_ws/install/test_box_launch/lib/python3.10/site-packages:/home/louise/Development/wave_rover_gazebo_ws/install/launch_sim/lib/python3.10/site-packages:/opt/ros/humble/lib/python3.10/site-packages:/opt/ros/humble/local/lib/python3.10/dist-packages'), ('COLCON', '1'), ('VTE_VERSION', '6800'), ('CMAKE_PREFIX_PATH', '/home/louise/Development/wave_rover_gazebo_ws/install/wave_rover_gazebo:/home/louise/Development/wave_rover_gazebo_ws/install/wave_rover_description:/home/louise/Development/wave_rover_gazebo_ws/install/test_box_launch:/home/louise/Development/wave_rover_gazebo_ws/install/launch_sim:/opt/ros/humble')]), 'shell': False}
[0.941507] (wave_rover_gazebo) StdoutLine: {'line': b'-- Install configuration: ""\n'}
[0.941694] (wave_rover_gazebo) StdoutLine: {'line': b'-- Installing: /home/louise/Development/wave_rover_gazebo_ws/install/wave_rover_gazebo/share/ament_index/resource_index/package_run_dependencies/wave_rover_gazebo\n'}
[0.941868] (wave_rover_gazebo) StdoutLine: {'line': b'-- Installing: /home/louise/Development/wave_rover_gazebo_ws/install/wave_rover_gazebo/share/ament_index/resource_index/parent_prefix_path/wave_rover_gazebo\n'}
[0.942042] (wave_rover_gazebo) StdoutLine: {'line': b'-- Installing: /home/louise/Development/wave_rover_gazebo_ws/install/wave_rover_gazebo/share/wave_rover_gazebo/environment/ament_prefix_path.sh\n'}
[0.942157] (wave_rover_gazebo) StdoutLine: {'line': b'-- Installing: /home/louise/Development/wave_rover_gazebo_ws/install/wave_rover_gazebo/share/wave_rover_gazebo/environment/ament_prefix_path.dsv\n'}
[0.942268] (wave_rover_gazebo) StdoutLine: {'line': b'-- Installing: /home/louise/Development/wave_rover_gazebo_ws/install/wave_rover_gazebo/share/wave_rover_gazebo/environment/path.sh\n'}
[0.942371] (wave_rover_gazebo) StdoutLine: {'line': b'-- Installing: /home/louise/Development/wave_rover_gazebo_ws/install/wave_rover_gazebo/share/wave_rover_gazebo/environment/path.dsv\n'}
[0.942480] (wave_rover_gazebo) StdoutLine: {'line': b'-- Installing: /home/louise/Development/wave_rover_gazebo_ws/install/wave_rover_gazebo/share/wave_rover_gazebo/local_setup.bash\n'}
[0.942598] (wave_rover_gazebo) StdoutLine: {'line': b'-- Installing: /home/louise/Development/wave_rover_gazebo_ws/install/wave_rover_gazebo/share/wave_rover_gazebo/local_setup.sh\n'}
[0.942715] (wave_rover_gazebo) StdoutLine: {'line': b'-- Installing: /home/louise/Development/wave_rover_gazebo_ws/install/wave_rover_gazebo/share/wave_rover_gazebo/local_setup.zsh\n'}
[0.942838] (wave_rover_gazebo) StdoutLine: {'line': b'-- Installing: /home/louise/Development/wave_rover_gazebo_ws/install/wave_rover_gazebo/share/wave_rover_gazebo/local_setup.dsv\n'}
[0.942942] (wave_rover_gazebo) StdoutLine: {'line': b'-- Installing: /home/louise/Development/wave_rover_gazebo_ws/install/wave_rover_gazebo/share/wave_rover_gazebo/package.dsv\n'}
[0.943116] (wave_rover_gazebo) StdoutLine: {'line': b'-- Installing: /home/louise/Development/wave_rover_gazebo_ws/install/wave_rover_gazebo/share/ament_index/resource_index/packages/wave_rover_gazebo\n'}
[0.943320] (wave_rover_gazebo) StdoutLine: {'line': b'-- Installing: /home/louise/Development/wave_rover_gazebo_ws/install/wave_rover_gazebo/share/wave_rover_gazebo/cmake/wave_rover_gazeboConfig.cmake\n'}
[0.943415] (wave_rover_gazebo) StdoutLine: {'line': b'-- Installing: /home/louise/Development/wave_rover_gazebo_ws/install/wave_rover_gazebo/share/wave_rover_gazebo/cmake/wave_rover_gazeboConfig-version.cmake\n'}
[0.943524] (wave_rover_gazebo) StdoutLine: {'line': b'-- Installing: /home/louise/Development/wave_rover_gazebo_ws/install/wave_rover_gazebo/share/wave_rover_gazebo/package.xml\n'}
[0.943835] (wave_rover_description) CommandEnded: {'returncode': 0}
[0.944233] (wave_rover_description) JobProgress: {'identifier': 'wave_rover_description', 'progress': 'install'}
[0.944483] (wave_rover_description) Command: {'cmd': ['/usr/bin/cmake', '--install', '/home/louise/Development/wave_rover_gazebo_ws/build/wave_rover_description'], 'cwd': '/home/louise/Development/wave_rover_gazebo_ws/build/wave_rover_description', 'env': OrderedDict([('LESSOPEN', '| /usr/bin/lesspipe %s'), ('LANGUAGE', 'en_GB:en'), ('USER', 'louise'), ('XDG_SESSION_TYPE', 'x11'), ('SHLVL', '1'), ('LD_LIBRARY_PATH', '/opt/ros/humble/opt/rviz_ogre_vendor/lib:/opt/ros/humble/lib/x86_64-linux-gnu:/opt/ros/humble/lib'), ('HOME', '/home/louise'), ('OLDPWD', '/home/louise/Development/wave_rover_gazebo_ws/src'), ('DESKTOP_SESSION', 'ubuntu'), ('ROS_PYTHON_VERSION', '3'), ('GNOME_SHELL_SESSION_MODE', 'ubuntu'), ('GTK_MODULES', 'gail:atk-bridge'), ('DBUS_STARTER_BUS_TYPE', 'session'), ('SYSTEMD_EXEC_PID', '2243'), ('DBUS_SESSION_BUS_ADDRESS', 'unix:path=/run/user/1000/bus,guid=d02e2ede9f97489066f643f36896fbd8'), ('COLORTERM', 'truecolor'), ('COLCON_PREFIX_PATH', '/home/louise/Development/wave_rover_gazebo_ws/install'), ('ROS_DISTRO', 'humble'), ('GTK_IM_MODULE', 'ibus'), ('LOGNAME', 'louise'), ('_', '/usr/bin/colcon'), ('ROS_VERSION', '2'), ('XDG_SESSION_CLASS', 'user'), ('USERNAME', 'louise'), ('TERM', 'xterm-256color'), ('GNOME_DESKTOP_SESSION_ID', 'this-is-deprecated'), ('ROS_LOCALHOST_ONLY', '0'), ('WINDOWPATH', '2'), ('PATH', '/opt/ros/humble/bin:/home/louise/.local/bin:/usr/local/sbin:/usr/local/bin:/usr/sbin:/usr/bin:/sbin:/bin:/usr/games:/usr/local/games:/snap/bin:/snap/bin'), ('SESSION_MANAGER', 'local/louise-ASUS-TUF-Gaming-A15-FA507NVR-FA507NVR:@/tmp/.ICE-unix/2243,unix/louise-ASUS-TUF-Gaming-A15-FA507NVR-FA507NVR:/tmp/.ICE-unix/2243'), ('XDG_MENU_PREFIX', 'gnome-'), ('GNOME_TERMINAL_SCREEN', '/org/gnome/Terminal/screen/735b2973_e2fc_4809_a676_c84c17a3f1f6'), ('XDG_RUNTIME_DIR', '/run/user/1000'), ('DISPLAY', ':1'), ('LANG', 'en_US.UTF-8'), ('XDG_CURRENT_DESKTOP', 'ubuntu:GNOME'), ('XMODIFIERS', '@im=ibus'), ('XDG_SESSION_DESKTOP', 'ubuntu'), ('XAUTHORITY', '/run/user/1000/gdm/Xauthority'), ('LS_COLORS', 'rs=0:di=01;34:ln=01;36:mh=00:pi=40;33:so=01;35:do=01;35:bd=40;33;01:cd=40;33;01:or=40;31;01:mi=00:su=37;41:sg=30;43:ca=30;41:tw=30;42:ow=34;42:st=37;44:ex=01;32:*.tar=01;31:*.tgz=01;31:*.arc=01;31:*.arj=01;31:*.taz=01;31:*.lha=01;31:*.lz4=01;31:*.lzh=01;31:*.lzma=01;31:*.tlz=01;31:*.txz=01;31:*.tzo=01;31:*.t7z=01;31:*.zip=01;31:*.z=01;31:*.dz=01;31:*.gz=01;31:*.lrz=01;31:*.lz=01;31:*.lzo=01;31:*.xz=01;31:*.zst=01;31:*.tzst=01;31:*.bz2=01;31:*.bz=01;31:*.tbz=01;31:*.tbz2=01;31:*.tz=01;31:*.deb=01;31:*.rpm=01;31:*.jar=01;31:*.war=01;31:*.ear=01;31:*.sar=01;31:*.rar=01;31:*.alz=01;31:*.ace=01;31:*.zoo=01;31:*.cpio=01;31:*.7z=01;31:*.rz=01;31:*.cab=01;31:*.wim=01;31:*.swm=01;31:*.dwm=01;31:*.esd=01;31:*.jpg=01;35:*.jpeg=01;35:*.mjpg=01;35:*.mjpeg=01;35:*.gif=01;35:*.bmp=01;35:*.pbm=01;35:*.pgm=01;35:*.ppm=01;35:*.tga=01;35:*.xbm=01;35:*.xpm=01;35:*.tif=01;35:*.tiff=01;35:*.png=01;35:*.svg=01;35:*.svgz=01;35:*.mng=01;35:*.pcx=01;35:*.mov=01;35:*.mpg=01;35:*.mpeg=01;35:*.m2v=01;35:*.mkv=01;35:*.webm=01;35:*.webp=01;35:*.ogm=01;35:*.mp4=01;35:*.m4v=01;35:*.mp4v=01;35:*.vob=01;35:*.qt=01;35:*.nuv=01;35:*.wmv=01;35:*.asf=01;35:*.rm=01;35:*.rmvb=01;35:*.flc=01;35:*.avi=01;35:*.fli=01;35:*.flv=01;35:*.gl=01;35:*.dl=01;35:*.xcf=01;35:*.xwd=01;35:*.yuv=01;35:*.cgm=01;35:*.emf=01;35:*.ogv=01;35:*.ogx=01;35:*.aac=00;36:*.au=00;36:*.flac=00;36:*.m4a=00;36:*.mid=00;36:*.midi=00;36:*.mka=00;36:*.mp3=00;36:*.mpc=00;36:*.ogg=00;36:*.ra=00;36:*.wav=00;36:*.oga=00;36:*.opus=00;36:*.spx=00;36:*.xspf=00;36:'), ('GNOME_TERMINAL_SERVICE', ':1.104'), ('SSH_AGENT_LAUNCHER', 'gnome-keyring'), ('SSH_AUTH_SOCK', '/run/user/1000/keyring/ssh'), ('AMENT_PREFIX_PATH', '/home/louise/Development/wave_rover_gazebo_ws/install/wave_rover_gazebo:/home/louise/Development/wave_rover_gazebo_ws/install/wave_rover_description:/home/louise/Development/wave_rover_gazebo_ws/install/test_box_launch:/home/louise/Development/wave_rover_gazebo_ws/install/launch_sim:/opt/ros/humble'), ('SHELL', '/bin/bash'), ('QT_ACCESSIBILITY', '1'), ('GDMSESSION', 'ubuntu'), ('LESSCLOSE', '/usr/bin/lesspipe %s %s'), ('GPG_AGENT_INFO', '/run/user/1000/gnupg/S.gpg-agent:0:1'), ('QT_IM_MODULE', 'ibus'), ('PWD', '/home/louise/Development/wave_rover_gazebo_ws/build/wave_rover_description'), ('LC_ALL', 'en_US.UTF-8'), ('XDG_CONFIG_DIRS', '/etc/xdg/xdg-ubuntu:/etc/xdg'), ('DBUS_STARTER_ADDRESS', 'unix:path=/run/user/1000/bus,guid=d02e2ede9f97489066f643f36896fbd8'), ('XDG_DATA_DIRS', '/usr/share/ubuntu:/usr/share/gnome:/home/louise/.local/share/flatpak/exports/share:/var/lib/flatpak/exports/share:/usr/local/share/:/usr/share/:/var/lib/snapd/desktop'), ('PYTHONPATH', '/home/louise/Development/wave_rover_gazebo_ws/install/test_box_launch/lib/python3.10/site-packages:/home/louise/Development/wave_rover_gazebo_ws/install/launch_sim/lib/python3.10/site-packages:/opt/ros/humble/lib/python3.10/site-packages:/opt/ros/humble/local/lib/python3.10/dist-packages'), ('COLCON', '1'), ('VTE_VERSION', '6800'), ('CMAKE_PREFIX_PATH', '/home/louise/Development/wave_rover_gazebo_ws/install/wave_rover_gazebo:/home/louise/Development/wave_rover_gazebo_ws/install/wave_rover_description:/home/louise/Development/wave_rover_gazebo_ws/install/test_box_launch:/home/louise/Development/wave_rover_gazebo_ws/install/launch_sim:/opt/ros/humble')]), 'shell': False}
[0.946052] (wave_rover_gazebo) CommandEnded: {'returncode': 0}
[0.950656] (wave_rover_description) StdoutLine: {'line': b'-- Install configuration: ""\n'}
[0.950940] (wave_rover_description) StdoutLine: {'line': b'-- Installing: /home/louise/Development/wave_rover_gazebo_ws/install/wave_rover_description/share/wave_rover_description/urdf/meshes\n'}
[0.951051] (wave_rover_description) StdoutLine: {'line': b'-- Installing: /home/louise/Development/wave_rover_gazebo_ws/install/wave_rover_description/share/wave_rover_description/urdf/meshes/realsense_bracket.stl\n'}
[0.951728] (wave_rover_description) StdoutLine: {'line': b'-- Installing: /home/louise/Development/wave_rover_gazebo_ws/install/wave_rover_description/share/wave_rover_description/urdf/meshes/roverbody.stl\n'}
[0.953896] (wave_rover_gazebo) JobEnded: {'identifier': 'wave_rover_gazebo', 'rc': 0}
[0.984051] (wave_rover_description) StdoutLine: {'line': b'-- Installing: /home/louise/Development/wave_rover_gazebo_ws/install/wave_rover_description/share/wave_rover_description/urdf/meshes/d435.dae\n'}
[1.001264] (-) TimerEvent: {}
[1.023120] (wave_rover_description) StdoutLine: {'line': b'-- Installing: /home/louise/Development/wave_rover_gazebo_ws/install/wave_rover_description/share/wave_rover_description/urdf/meshes/back_right_wheel.stl\n'}
[1.028102] (wave_rover_description) StdoutLine: {'line': b'-- Installing: /home/louise/Development/wave_rover_gazebo_ws/install/wave_rover_description/share/wave_rover_description/urdf/meshes/d435.stl\n'}
[1.047450] (wave_rover_description) StdoutLine: {'line': b'-- Installing: /home/louise/Development/wave_rover_gazebo_ws/install/wave_rover_description/share/wave_rover_description/urdf/meshes/realsense_camera.stl\n'}
[1.069874] (wave_rover_description) StdoutLine: {'line': b'-- Installing: /home/louise/Development/wave_rover_gazebo_ws/install/wave_rover_description/share/wave_rover_description/urdf/meshes/front_right_wheel.stl\n'}
[1.074862] (wave_rover_description) StdoutLine: {'line': b'-- Installing: /home/louise/Development/wave_rover_gazebo_ws/install/wave_rover_description/share/wave_rover_description/urdf/meshes/rover_body.stl\n'}
[1.101389] (-) TimerEvent: {}
[1.110658] (wave_rover_description) StdoutLine: {'line': b'-- Installing: /home/louise/Development/wave_rover_gazebo_ws/install/wave_rover_description/share/wave_rover_description/urdf/meshes/rightside_wheel.stl\n'}
[1.115527] (wave_rover_description) StdoutLine: {'line': b'-- Installing: /home/louise/Development/wave_rover_gazebo_ws/install/wave_rover_description/share/wave_rover_description/urdf/meshes/front_left_wheel.stl\n'}
[1.120621] (wave_rover_description) StdoutLine: {'line': b'-- Installing: /home/louise/Development/wave_rover_gazebo_ws/install/wave_rover_description/share/wave_rover_description/urdf/meshes/Old\n'}
[1.120878] (wave_rover_description) StdoutLine: {'line': b'-- Installing: /home/louise/Development/wave_rover_gazebo_ws/install/wave_rover_description/share/wave_rover_description/urdf/meshes/Old/older\n'}
[1.121029] (wave_rover_description) StdoutLine: {'line': b'-- Installing: /home/louise/Development/wave_rover_gazebo_ws/install/wave_rover_description/share/wave_rover_description/urdf/meshes/Old/older/rover_body.stl\n'}
[1.155332] (wave_rover_description) StdoutLine: {'line': b'-- Installing: /home/louise/Development/wave_rover_gazebo_ws/install/wave_rover_description/share/wave_rover_description/urdf/meshes/Old/rover_body.stl\n'}
[1.155596] (wave_rover_description) StdoutLine: {'line': b'-- Installing: /home/louise/Development/wave_rover_gazebo_ws/install/wave_rover_description/share/wave_rover_description/urdf/meshes/Old/wave_rover_model.stl\n'}
[1.201516] (-) TimerEvent: {}
[1.205917] (wave_rover_description) StdoutLine: {'line': b'-- Installing: /home/louise/Development/wave_rover_gazebo_ws/install/wave_rover_description/share/wave_rover_description/urdf/meshes/wave_rover_model.stl\n'}
[1.256257] (wave_rover_description) StdoutLine: {'line': b'-- Installing: /home/louise/Development/wave_rover_gazebo_ws/install/wave_rover_description/share/wave_rover_description/urdf/meshes/back_left_wheel.stl\n'}
[1.260841] (wave_rover_description) StdoutLine: {'line': b'-- Installing: /home/louise/Development/wave_rover_gazebo_ws/install/wave_rover_description/share/wave_rover_description/urdf/meshes/leftside_wheel.stl\n'}
[1.265499] (wave_rover_description) StdoutLine: {'line': b'-- Up-to-date: /home/louise/Development/wave_rover_gazebo_ws/install/wave_rover_description/share/wave_rover_description/urdf\n'}
[1.265896] (wave_rover_description) StdoutLine: {'line': b'-- Up-to-date: /home/louise/Development/wave_rover_gazebo_ws/install/wave_rover_description/share/wave_rover_description/urdf/meshes\n'}
[1.266042] (wave_rover_description) StdoutLine: {'line': b'-- Up-to-date: /home/louise/Development/wave_rover_gazebo_ws/install/wave_rover_description/share/wave_rover_description/urdf/meshes/realsense_bracket.stl\n'}
[1.266140] (wave_rover_description) StdoutLine: {'line': b'-- Up-to-date: /home/louise/Development/wave_rover_gazebo_ws/install/wave_rover_description/share/wave_rover_description/urdf/meshes/roverbody.stl\n'}
[1.266234] (wave_rover_description) StdoutLine: {'line': b'-- Up-to-date: /home/louise/Development/wave_rover_gazebo_ws/install/wave_rover_description/share/wave_rover_description/urdf/meshes/d435.dae\n'}
[1.266320] (wave_rover_description) StdoutLine: {'line': b'-- Up-to-date: /home/louise/Development/wave_rover_gazebo_ws/install/wave_rover_description/share/wave_rover_description/urdf/meshes/back_right_wheel.stl\n'}
[1.266369] (wave_rover_description) StdoutLine: {'line': b'-- Up-to-date: /home/louise/Development/wave_rover_gazebo_ws/install/wave_rover_description/share/wave_rover_description/urdf/meshes/d435.stl\n'}
[1.266405] (wave_rover_description) StdoutLine: {'line': b'-- Up-to-date: /home/louise/Development/wave_rover_gazebo_ws/install/wave_rover_description/share/wave_rover_description/urdf/meshes/realsense_camera.stl\n'}
[1.266439] (wave_rover_description) StdoutLine: {'line': b'-- Up-to-date: /home/louise/Development/wave_rover_gazebo_ws/install/wave_rover_description/share/wave_rover_description/urdf/meshes/front_right_wheel.stl\n'}
[1.266473] (wave_rover_description) StdoutLine: {'line': b'-- Up-to-date: /home/louise/Development/wave_rover_gazebo_ws/install/wave_rover_description/share/wave_rover_description/urdf/meshes/rover_body.stl\n'}
[1.266506] (wave_rover_description) StdoutLine: {'line': b'-- Up-to-date: /home/louise/Development/wave_rover_gazebo_ws/install/wave_rover_description/share/wave_rover_description/urdf/meshes/rightside_wheel.stl\n'}
[1.266574] (wave_rover_description) StdoutLine: {'line': b'-- Up-to-date: /home/louise/Development/wave_rover_gazebo_ws/install/wave_rover_description/share/wave_rover_description/urdf/meshes/front_left_wheel.stl\n'}
[1.266615] (wave_rover_description) StdoutLine: {'line': b'-- Up-to-date: /home/louise/Development/wave_rover_gazebo_ws/install/wave_rover_description/share/wave_rover_description/urdf/meshes/Old\n'}
[1.266650] (wave_rover_description) StdoutLine: {'line': b'-- Up-to-date: /home/louise/Development/wave_rover_gazebo_ws/install/wave_rover_description/share/wave_rover_description/urdf/meshes/Old/older\n'}
[1.266684] (wave_rover_description) StdoutLine: {'line': b'-- Up-to-date: /home/louise/Development/wave_rover_gazebo_ws/install/wave_rover_description/share/wave_rover_description/urdf/meshes/Old/older/rover_body.stl\n'}
[1.266718] (wave_rover_description) StdoutLine: {'line': b'-- Up-to-date: /home/louise/Development/wave_rover_gazebo_ws/install/wave_rover_description/share/wave_rover_description/urdf/meshes/Old/rover_body.stl\n'}
[1.266780] (wave_rover_description) StdoutLine: {'line': b'-- Up-to-date: /home/louise/Development/wave_rover_gazebo_ws/install/wave_rover_description/share/wave_rover_description/urdf/meshes/Old/wave_rover_model.stl\n'}
[1.266818] (wave_rover_description) StdoutLine: {'line': b'-- Up-to-date: /home/louise/Development/wave_rover_gazebo_ws/install/wave_rover_description/share/wave_rover_description/urdf/meshes/wave_rover_model.stl\n'}
[1.266856] (wave_rover_description) StdoutLine: {'line': b'-- Up-to-date: /home/louise/Development/wave_rover_gazebo_ws/install/wave_rover_description/share/wave_rover_description/urdf/meshes/back_left_wheel.stl\n'}
[1.266888] (wave_rover_description) StdoutLine: {'line': b'-- Up-to-date: /home/louise/Development/wave_rover_gazebo_ws/install/wave_rover_description/share/wave_rover_description/urdf/meshes/leftside_wheel.stl\n'}
[1.266921] (wave_rover_description) StdoutLine: {'line': b'-- Installing: /home/louise/Development/wave_rover_gazebo_ws/install/wave_rover_description/share/wave_rover_description/urdf/CLEAN_ROVER_ABSOLUTE.sdf\n'}
[1.266955] (wave_rover_description) StdoutLine: {'line': b'-- Installing: /home/louise/Development/wave_rover_gazebo_ws/install/wave_rover_description/share/wave_rover_description/urdf/rover_fortress.urdf.xacro\n'}
[1.266988] (wave_rover_description) StdoutLine: {'line': b'-- Installing: /home/louise/Development/wave_rover_gazebo_ws/install/wave_rover_description/share/wave_rover_description/urdf/wave_rover_fortress.sdf\n'}
[1.267038] (wave_rover_description) StdoutLine: {'line': b'-- Installing: /home/louise/Development/wave_rover_gazebo_ws/install/wave_rover_description/share/wave_rover_description/urdf/rover_fortress.gazebo\n'}
[1.267090] (wave_rover_description) StdoutLine: {'line': b'-- Installing: /home/louise/Development/wave_rover_gazebo_ws/install/wave_rover_description/share/wave_rover_description/urdf/wave_rover_world.sdf\n'}
[1.267308] (wave_rover_description) StdoutLine: {'line': b'-- Installing: /home/louise/Development/wave_rover_gazebo_ws/install/wave_rover_description/share/wave_rover_description/urdf/wave_rover_clean.sdf\n'}
[1.267402] (wave_rover_description) StdoutLine: {'line': b'-- Installing: /home/louise/Development/wave_rover_gazebo_ws/install/wave_rover_description/share/wave_rover_description/urdf/wave_rover.urdf.xacro\n'}
[1.267746] (wave_rover_description) StdoutLine: {'line': b'-- Installing: /home/louise/Development/wave_rover_gazebo_ws/install/wave_rover_description/share/wave_rover_description/urdf/newest_realsense_d435.xacro\n'}
[1.268007] (wave_rover_description) StdoutLine: {'line': b'-- Installing: /home/louise/Development/wave_rover_gazebo_ws/install/wave_rover_description/share/wave_rover_description/urdf/wave_rover_simple_world.sdf\n'}
[1.268358] (wave_rover_description) StdoutLine: {'line': b'-- Installing: /home/louise/Development/wave_rover_gazebo_ws/install/wave_rover_description/share/wave_rover_description/urdf/CLEAN_ROVER_CLASSIC.sdf\n'}
[1.268755] (wave_rover_description) StdoutLine: {'line': b'-- Installing: /home/louise/Development/wave_rover_gazebo_ws/install/wave_rover_description/share/wave_rover_description/urdf/cut\n'}
[1.269018] (wave_rover_description) StdoutLine: {'line': b'-- Installing: /home/louise/Development/wave_rover_gazebo_ws/install/wave_rover_description/share/wave_rover_description/urdf/rover.urdf.xacro\n'}
[1.269311] (wave_rover_description) StdoutLine: {'line': b'-- Installing: /home/louise/Development/wave_rover_gazebo_ws/install/wave_rover_description/share/wave_rover_description/urdf/rover.urdf\n'}
[1.269631] (wave_rover_description) StdoutLine: {'line': b'-- Installing: /home/louise/Development/wave_rover_gazebo_ws/install/wave_rover_description/share/wave_rover_description/urdf/CLEAN_ROVER_MANUAL.sdf\n'}
[1.269802] (wave_rover_description) StdoutLine: {'line': b'-- Installing: /home/louise/Development/wave_rover_gazebo_ws/install/wave_rover_description/share/wave_rover_description/urdf/wave_rover.config\n'}
[1.269936] (wave_rover_description) StdoutLine: {'line': b'-- Installing: /home/louise/Development/wave_rover_gazebo_ws/install/wave_rover_description/share/wave_rover_description/urdf/config\n'}
[1.269994] (wave_rover_description) StdoutLine: {'line': b'-- Installing: /home/louise/Development/wave_rover_gazebo_ws/install/wave_rover_description/share/wave_rover_description/urdf/config/gz_bridge.yaml\n'}
[1.270266] (wave_rover_description) StdoutLine: {'line': b'-- Installing: /home/louise/Development/wave_rover_gazebo_ws/install/wave_rover_description/share/wave_rover_description/urdf/config/gz_image_bridge.yaml\n'}
[1.270533] (wave_rover_description) StdoutLine: {'line': b'-- Installing: /home/louise/Development/wave_rover_gazebo_ws/install/wave_rover_description/share/wave_rover_description/urdf/wave_rover.sdf\n'}
[1.270806] (wave_rover_description) StdoutLine: {'line': b'-- Installing: /home/louise/Development/wave_rover_gazebo_ws/install/wave_rover_description/share/wave_rover_description/urdf/rover.gazebo\n'}
[1.271059] (wave_rover_description) StdoutLine: {'line': b'-- Installing: /home/louise/Development/wave_rover_gazebo_ws/install/wave_rover_description/share/wave_rover_description/urdf/rover_fortress_corrected.gazebo\n'}
[1.271319] (wave_rover_description) StdoutLine: {'line': b'-- Installing: /home/louise/Development/wave_rover_gazebo_ws/install/wave_rover_description/share/wave_rover_description/urdf/wave_rover.urdf\n'}
[1.271603] (wave_rover_description) StdoutLine: {'line': b'-- Installing: /home/louise/Development/wave_rover_gazebo_ws/install/wave_rover_description/share/wave_rover_description/urdf/CLEAN_ROVER.sdf\n'}
[1.272126] (wave_rover_description) StdoutLine: {'line': b'-- Installing: /home/louise/Development/wave_rover_gazebo_ws/install/wave_rover_description/share/wave_rover_description/urdf/newest_rover.gazebo\n'}
[1.272446] (wave_rover_description) StdoutLine: {'line': b'-- Installing: /home/louise/Development/wave_rover_gazebo_ws/install/wave_rover_description/share/wave_rover_description/urdf/newest_rover.urdf.xacro\n'}
[1.272900] (wave_rover_description) StdoutLine: {'line': b'-- Installing: /home/louise/Development/wave_rover_gazebo_ws/install/wave_rover_description/share/wave_rover_description/urdf/old\n'}
[1.273028] (wave_rover_description) StdoutLine: {'line': b'-- Installing: /home/louise/Development/wave_rover_gazebo_ws/install/wave_rover_description/share/wave_rover_description/urdf/old/realsense_d435.sdf\n'}
[1.273387] (wave_rover_description) StdoutLine: {'line': b'-- Installing: /home/louise/Development/wave_rover_gazebo_ws/install/wave_rover_description/share/wave_rover_description/urdf/old/scrap.sdf\n'}
[1.273892] (wave_rover_description) StdoutLine: {'line': b'-- Installing: /home/louise/Development/wave_rover_gazebo_ws/install/wave_rover_description/share/wave_rover_description/urdf/old/wave_rover.sdf\n'}
[1.274209] (wave_rover_description) StdoutLine: {'line': b'-- Installing: /home/louise/Development/wave_rover_gazebo_ws/install/wave_rover_description/share/wave_rover_description/urdf/old/robot.sdf\n'}
[1.274530] (wave_rover_description) StdoutLine: {'line': b'-- Installing: /home/louise/Development/wave_rover_gazebo_ws/install/wave_rover_description/share/wave_rover_description/urdf/out.urdf\n'}
[1.274617] (wave_rover_description) StdoutLine: {'line': b'-- Installing: /home/louise/Development/wave_rover_gazebo_ws/install/wave_rover_description/share/wave_rover_description/urdf/wave_rover_simple.sdf\n'}
[1.275000] (wave_rover_description) StdoutLine: {'line': b'-- Installing: /home/louise/Development/wave_rover_gazebo_ws/install/wave_rover_description/share/wave_rover_description/urdf/models\n'}
[1.275102] (wave_rover_description) StdoutLine: {'line': b'-- Installing: /home/louise/Development/wave_rover_gazebo_ws/install/wave_rover_description/share/wave_rover_description/urdf/models/intel_realsense_d435\n'}
[1.275208] (wave_rover_description) StdoutLine: {'line': b'-- Installing: /home/louise/Development/wave_rover_gazebo_ws/install/wave_rover_description/share/wave_rover_description/urdf/models/intel_realsense_d435/meshes\n'}
[1.275281] (wave_rover_description) StdoutLine: {'line': b'-- Installing: /home/louise/Development/wave_rover_gazebo_ws/install/wave_rover_description/share/wave_rover_description/urdf/models/intel_realsense_d435/meshes/realsense.dae\n'}
[1.276022] (wave_rover_description) StdoutLine: {'line': b'-- Installing: /home/louise/Development/wave_rover_gazebo_ws/install/wave_rover_description/share/wave_rover_description/urdf/models/intel_realsense_d435/materials\n'}
[1.276098] (wave_rover_description) StdoutLine: {'line': b'-- Installing: /home/louise/Development/wave_rover_gazebo_ws/install/wave_rover_description/share/wave_rover_description/urdf/models/intel_realsense_d435/materials/textures\n'}
[1.276159] (wave_rover_description) StdoutLine: {'line': b'-- Installing: /home/louise/Development/wave_rover_gazebo_ws/install/wave_rover_description/share/wave_rover_description/urdf/models/intel_realsense_d435/materials/textures/RealSense_Albedo.png\n'}
[1.277490] (wave_rover_description) StdoutLine: {'line': b'-- Installing: /home/louise/Development/wave_rover_gazebo_ws/install/wave_rover_description/share/wave_rover_description/urdf/models/intel_realsense_d435/materials/textures/RealSense_Roughness.png\n'}
[1.280807] (wave_rover_description) StdoutLine: {'line': b'-- Installing: /home/louise/Development/wave_rover_gazebo_ws/install/wave_rover_description/share/wave_rover_description/urdf/models/intel_realsense_d435/materials/textures/RealSense_Normal.png\n'}
[1.282528] (wave_rover_description) StdoutLine: {'line': b'-- Installing: /home/louise/Development/wave_rover_gazebo_ws/install/wave_rover_description/share/wave_rover_description/urdf/models/intel_realsense_d435/materials/textures/RealSense_Metalness.png\n'}
[1.283676] (wave_rover_description) StdoutLine: {'line': b'-- Installing: /home/louise/Development/wave_rover_gazebo_ws/install/wave_rover_description/share/wave_rover_description/urdf/models/intel_realsense_d435/materials/scripts\n'}
[1.283747] (wave_rover_description) StdoutLine: {'line': b'-- Installing: /home/louise/Development/wave_rover_gazebo_ws/install/wave_rover_description/share/wave_rover_description/urdf/models/intel_realsense_d435/materials/scripts/model.material\n'}
[1.283953] (wave_rover_description) StdoutLine: {'line': b'-- Installing: /home/louise/Development/wave_rover_gazebo_ws/install/wave_rover_description/share/wave_rover_description/urdf/models/intel_realsense_d435/thumbnails\n'}
[1.284022] (wave_rover_description) StdoutLine: {'line': b'-- Installing: /home/louise/Development/wave_rover_gazebo_ws/install/wave_rover_description/share/wave_rover_description/urdf/models/intel_realsense_d435/thumbnails/4.png\n'}
[1.284612] (wave_rover_description) StdoutLine: {'line': b'-- Installing: /home/louise/Development/wave_rover_gazebo_ws/install/wave_rover_description/share/wave_rover_description/urdf/models/intel_realsense_d435/thumbnails/1.png\n'}
[1.285313] (wave_rover_description) StdoutLine: {'line': b'-- Installing: /home/louise/Development/wave_rover_gazebo_ws/install/wave_rover_description/share/wave_rover_description/urdf/models/intel_realsense_d435/thumbnails/3.png\n'}
[1.285895] (wave_rover_description) StdoutLine: {'line': b'-- Installing: /home/louise/Development/wave_rover_gazebo_ws/install/wave_rover_description/share/wave_rover_description/urdf/models/intel_realsense_d435/thumbnails/2.png\n'}
[1.286478] (wave_rover_description) StdoutLine: {'line': b'-- Installing: /home/louise/Development/wave_rover_gazebo_ws/install/wave_rover_description/share/wave_rover_description/urdf/models/intel_realsense_d435/model.config\n'}
[1.286675] (wave_rover_description) StdoutLine: {'line': b'-- Installing: /home/louise/Development/wave_rover_gazebo_ws/install/wave_rover_description/share/wave_rover_description/urdf/models/intel_realsense_d435/model.sdf\n'}
[1.286873] (wave_rover_description) StdoutLine: {'line': b'-- Installing: /home/louise/Development/wave_rover_gazebo_ws/install/wave_rover_description/share/wave_rover_description/urdf/models/cone_blue\n'}
[1.286974] (wave_rover_description) StdoutLine: {'line': b'-- Installing: /home/louise/Development/wave_rover_gazebo_ws/install/wave_rover_description/share/wave_rover_description/urdf/models/cone_blue/meshes\n'}
[1.287061] (wave_rover_description) StdoutLine: {'line': b'-- Installing: /home/louise/Development/wave_rover_gazebo_ws/install/wave_rover_description/share/wave_rover_description/urdf/models/cone_blue/meshes/cone.stl\n'}
[1.289213] (wave_rover_description) StdoutLine: {'line': b'-- Installing: /home/louise/Development/wave_rover_gazebo_ws/install/wave_rover_description/share/wave_rover_description/urdf/models/cone_blue/thumbnails\n'}
[1.289365] (wave_rover_description) StdoutLine: {'line': b'-- Installing: /home/louise/Development/wave_rover_gazebo_ws/install/wave_rover_description/share/wave_rover_description/urdf/models/cone_blue/thumbnails/Screenshot from 2025-07-05 15-09-02.png\n'}
[1.290120] (wave_rover_description) StdoutLine: {'line': b'-- Installing: /home/louise/Development/wave_rover_gazebo_ws/install/wave_rover_description/share/wave_rover_description/urdf/models/cone_blue/model.config\n'}
[1.290386] (wave_rover_description) StdoutLine: {'line': b'-- Installing: /home/louise/Development/wave_rover_gazebo_ws/install/wave_rover_description/share/wave_rover_description/urdf/models/cone_blue/model.sdf\n'}
[1.290566] (wave_rover_description) StdoutLine: {'line': b'-- Installing: /home/louise/Development/wave_rover_gazebo_ws/install/wave_rover_description/share/wave_rover_description/urdf/models/cone_yellow\n'}
[1.290630] (wave_rover_description) StdoutLine: {'line': b'-- Installing: /home/louise/Development/wave_rover_gazebo_ws/install/wave_rover_description/share/wave_rover_description/urdf/models/cone_yellow/meshes\n'}
[1.290700] (wave_rover_description) StdoutLine: {'line': b'-- Installing: /home/louise/Development/wave_rover_gazebo_ws/install/wave_rover_description/share/wave_rover_description/urdf/models/cone_yellow/meshes/cone.stl\n'}
[1.292398] (wave_rover_description) StdoutLine: {'line': b'-- Installing: /home/louise/Development/wave_rover_gazebo_ws/install/wave_rover_description/share/wave_rover_description/urdf/models/cone_yellow/thumbnails\n'}
[1.292465] (wave_rover_description) StdoutLine: {'line': b'-- Installing: /home/louise/Development/wave_rover_gazebo_ws/install/wave_rover_description/share/wave_rover_description/urdf/models/cone_yellow/thumbnails/Screenshot from 2025-07-05 15-12-53.png\n'}
[1.292963] (wave_rover_description) StdoutLine: {'line': b'-- Installing: /home/louise/Development/wave_rover_gazebo_ws/install/wave_rover_description/share/wave_rover_description/urdf/models/cone_yellow/model.config\n'}
[1.293148] (wave_rover_description) StdoutLine: {'line': b'-- Installing: /home/louise/Development/wave_rover_gazebo_ws/install/wave_rover_description/share/wave_rover_description/urdf/models/cone_yellow/model.sdf\n'}
[1.293327] (wave_rover_description) StdoutLine: {'line': b'-- Installing: /home/louise/Development/wave_rover_gazebo_ws/install/wave_rover_description/share/wave_rover_description/urdf/models/cone_orange\n'}
[1.293435] (wave_rover_description) StdoutLine: {'line': b'-- Installing: /home/louise/Development/wave_rover_gazebo_ws/install/wave_rover_description/share/wave_rover_description/urdf/models/cone_orange/meshes\n'}
[1.293536] (wave_rover_description) StdoutLine: {'line': b'-- Installing: /home/louise/Development/wave_rover_gazebo_ws/install/wave_rover_description/share/wave_rover_description/urdf/models/cone_orange/meshes/cone.stl\n'}
[1.295074] (wave_rover_description) StdoutLine: {'line': b'-- Installing: /home/louise/Development/wave_rover_gazebo_ws/install/wave_rover_description/share/wave_rover_description/urdf/models/cone_orange/thumbnails\n'}
[1.295168] (wave_rover_description) StdoutLine: {'line': b'-- Installing: /home/louise/Development/wave_rover_gazebo_ws/install/wave_rover_description/share/wave_rover_description/urdf/models/cone_orange/thumbnails/Screenshot from 2025-07-05 15-15-27.png\n'}
[1.295684] (wave_rover_description) StdoutLine: {'line': b'-- Installing: /home/louise/Development/wave_rover_gazebo_ws/install/wave_rover_description/share/wave_rover_description/urdf/models/cone_orange/model.config\n'}
[1.295888] (wave_rover_description) StdoutLine: {'line': b'-- Installing: /home/louise/Development/wave_rover_gazebo_ws/install/wave_rover_description/share/wave_rover_description/urdf/models/cone_orange/model.sdf\n'}
[1.296065] (wave_rover_description) StdoutLine: {'line': b'-- Installing: /home/louise/Development/wave_rover_gazebo_ws/install/wave_rover_description/share/wave_rover_description/urdf/models/cone_red\n'}
[1.296184] (wave_rover_description) StdoutLine: {'line': b'-- Installing: /home/louise/Development/wave_rover_gazebo_ws/install/wave_rover_description/share/wave_rover_description/urdf/models/cone_red/meshes\n'}
[1.296254] (wave_rover_description) StdoutLine: {'line': b'-- Installing: /home/louise/Development/wave_rover_gazebo_ws/install/wave_rover_description/share/wave_rover_description/urdf/models/cone_red/meshes/cone.stl\n'}
[1.297668] (wave_rover_description) StdoutLine: {'line': b'-- Installing: /home/louise/Development/wave_rover_gazebo_ws/install/wave_rover_description/share/wave_rover_description/urdf/models/cone_red/thumbnails\n'}
[1.297748] (wave_rover_description) StdoutLine: {'line': b'-- Installing: /home/louise/Development/wave_rover_gazebo_ws/install/wave_rover_description/share/wave_rover_description/urdf/models/cone_red/thumbnails/Screenshot from 2025-07-05 15-17-11.png\n'}
[1.298395] (wave_rover_description) StdoutLine: {'line': b'-- Installing: /home/louise/Development/wave_rover_gazebo_ws/install/wave_rover_description/share/wave_rover_description/urdf/models/cone_red/model.config\n'}
[1.298582] (wave_rover_description) StdoutLine: {'line': b'-- Installing: /home/louise/Development/wave_rover_gazebo_ws/install/wave_rover_description/share/wave_rover_description/urdf/models/cone_red/model.sdf\n'}
[1.298826] (wave_rover_description) StdoutLine: {'line': b'-- Installing: /home/louise/Development/wave_rover_gazebo_ws/install/wave_rover_description/share/wave_rover_description/launch\n'}
[1.298931] (wave_rover_description) StdoutLine: {'line': b'-- Installing: /home/louise/Development/wave_rover_gazebo_ws/install/wave_rover_description/share/wave_rover_description/launch/gazebo_simulation.launch.py\n'}
[1.299030] (wave_rover_description) StdoutLine: {'line': b'-- Installing: /home/louise/Development/wave_rover_gazebo_ws/install/wave_rover_description/share/wave_rover_description/launch/display.launch.py\n'}
[1.299183] (wave_rover_description) StdoutLine: {'line': b'-- Installing: /home/louise/Development/wave_rover_gazebo_ws/install/wave_rover_description/share/wave_rover_description/launch/display_box.launch.py\n'}
[1.299399] (wave_rover_description) StdoutLine: {'line': b'-- Up-to-date: /home/louise/Development/wave_rover_gazebo_ws/install/wave_rover_description/share/wave_rover_description/urdf/models\n'}
[1.299512] (wave_rover_description) StdoutLine: {'line': b'-- Up-to-date: /home/louise/Development/wave_rover_gazebo_ws/install/wave_rover_description/share/wave_rover_description/urdf/models/intel_realsense_d435\n'}
[1.299585] (wave_rover_description) StdoutLine: {'line': b'-- Up-to-date: /home/louise/Development/wave_rover_gazebo_ws/install/wave_rover_description/share/wave_rover_description/urdf/models/intel_realsense_d435/meshes\n'}
[1.299654] (wave_rover_description) StdoutLine: {'line': b'-- Up-to-date: /home/louise/Development/wave_rover_gazebo_ws/install/wave_rover_description/share/wave_rover_description/urdf/models/intel_realsense_d435/meshes/realsense.dae\n'}
[1.299838] (wave_rover_description) StdoutLine: {'line': b'-- Up-to-date: /home/louise/Development/wave_rover_gazebo_ws/install/wave_rover_description/share/wave_rover_description/urdf/models/intel_realsense_d435/materials\n'}
[1.299920] (wave_rover_description) StdoutLine: {'line': b'-- Up-to-date: /home/louise/Development/wave_rover_gazebo_ws/install/wave_rover_description/share/wave_rover_description/urdf/models/intel_realsense_d435/materials/textures\n'}
[1.299966] (wave_rover_description) StdoutLine: {'line': b'-- Up-to-date: /home/louise/Development/wave_rover_gazebo_ws/install/wave_rover_description/share/wave_rover_description/urdf/models/intel_realsense_d435/materials/textures/RealSense_Albedo.png\n'}
[1.300030] (wave_rover_description) StdoutLine: {'line': b'-- Up-to-date: /home/louise/Development/wave_rover_gazebo_ws/install/wave_rover_description/share/wave_rover_description/urdf/models/intel_realsense_d435/materials/textures/RealSense_Roughness.png\n'}
[1.300085] (wave_rover_description) StdoutLine: {'line': b'-- Up-to-date: /home/louise/Development/wave_rover_gazebo_ws/install/wave_rover_description/share/wave_rover_description/urdf/models/intel_realsense_d435/materials/textures/RealSense_Normal.png\n'}
[1.300122] (wave_rover_description) StdoutLine: {'line': b'-- Up-to-date: /home/louise/Development/wave_rover_gazebo_ws/install/wave_rover_description/share/wave_rover_description/urdf/models/intel_realsense_d435/materials/textures/RealSense_Metalness.png\n'}
[1.300158] (wave_rover_description) StdoutLine: {'line': b'-- Up-to-date: /home/louise/Development/wave_rover_gazebo_ws/install/wave_rover_description/share/wave_rover_description/urdf/models/intel_realsense_d435/materials/scripts\n'}
[1.300192] (wave_rover_description) StdoutLine: {'line': b'-- Up-to-date: /home/louise/Development/wave_rover_gazebo_ws/install/wave_rover_description/share/wave_rover_description/urdf/models/intel_realsense_d435/materials/scripts/model.material\n'}
[1.300226] (wave_rover_description) StdoutLine: {'line': b'-- Up-to-date: /home/louise/Development/wave_rover_gazebo_ws/install/wave_rover_description/share/wave_rover_description/urdf/models/intel_realsense_d435/thumbnails\n'}
[1.300260] (wave_rover_description) StdoutLine: {'line': b'-- Up-to-date: /home/louise/Development/wave_rover_gazebo_ws/install/wave_rover_description/share/wave_rover_description/urdf/models/intel_realsense_d435/thumbnails/4.png\n'}
[1.300294] (wave_rover_description) StdoutLine: {'line': b'-- Up-to-date: /home/louise/Development/wave_rover_gazebo_ws/install/wave_rover_description/share/wave_rover_description/urdf/models/intel_realsense_d435/thumbnails/1.png\n'}
[1.300330] (wave_rover_description) StdoutLine: {'line': b'-- Up-to-date: /home/louise/Development/wave_rover_gazebo_ws/install/wave_rover_description/share/wave_rover_description/urdf/models/intel_realsense_d435/thumbnails/3.png\n'}
[1.300365] (wave_rover_description) StdoutLine: {'line': b'-- Up-to-date: /home/louise/Development/wave_rover_gazebo_ws/install/wave_rover_description/share/wave_rover_description/urdf/models/intel_realsense_d435/thumbnails/2.png\n'}
[1.300399] (wave_rover_description) StdoutLine: {'line': b'-- Up-to-date: /home/louise/Development/wave_rover_gazebo_ws/install/wave_rover_description/share/wave_rover_description/urdf/models/intel_realsense_d435/model.config\n'}
[1.300434] (wave_rover_description) StdoutLine: {'line': b'-- Up-to-date: /home/louise/Development/wave_rover_gazebo_ws/install/wave_rover_description/share/wave_rover_description/urdf/models/intel_realsense_d435/model.sdf\n'}
[1.300468] (wave_rover_description) StdoutLine: {'line': b'-- Up-to-date: /home/louise/Development/wave_rover_gazebo_ws/install/wave_rover_description/share/wave_rover_description/urdf/models/cone_blue\n'}
[1.300503] (wave_rover_description) StdoutLine: {'line': b'-- Up-to-date: /home/louise/Development/wave_rover_gazebo_ws/install/wave_rover_description/share/wave_rover_description/urdf/models/cone_blue/meshes\n'}
[1.300536] (wave_rover_description) StdoutLine: {'line': b'-- Up-to-date: /home/louise/Development/wave_rover_gazebo_ws/install/wave_rover_description/share/wave_rover_description/urdf/models/cone_blue/meshes/cone.stl\n'}
[1.300570] (wave_rover_description) StdoutLine: {'line': b'-- Up-to-date: /home/louise/Development/wave_rover_gazebo_ws/install/wave_rover_description/share/wave_rover_description/urdf/models/cone_blue/thumbnails\n'}
[1.300604] (wave_rover_description) StdoutLine: {'line': b'-- Up-to-date: /home/louise/Development/wave_rover_gazebo_ws/install/wave_rover_description/share/wave_rover_description/urdf/models/cone_blue/thumbnails/Screenshot from 2025-07-05 15-09-02.png\n'}
[1.300639] (wave_rover_description) StdoutLine: {'line': b'-- Up-to-date: /home/louise/Development/wave_rover_gazebo_ws/install/wave_rover_description/share/wave_rover_description/urdf/models/cone_blue/model.config\n'}
[1.300673] (wave_rover_description) StdoutLine: {'line': b'-- Up-to-date: /home/louise/Development/wave_rover_gazebo_ws/install/wave_rover_description/share/wave_rover_description/urdf/models/cone_blue/model.sdf\n'}
[1.300723] (wave_rover_description) StdoutLine: {'line': b'-- Up-to-date: /home/louise/Development/wave_rover_gazebo_ws/install/wave_rover_description/share/wave_rover_description/urdf/models/cone_yellow\n'}
[1.300813] (wave_rover_description) StdoutLine: {'line': b'-- Up-to-date: /home/louise/Development/wave_rover_gazebo_ws/install/wave_rover_description/share/wave_rover_description/urdf/models/cone_yellow/meshes\n'}
[1.300856] (wave_rover_description) StdoutLine: {'line': b'-- Up-to-date: /home/louise/Development/wave_rover_gazebo_ws/install/wave_rover_description/share/wave_rover_description/urdf/models/cone_yellow/meshes/cone.stl\n'}
[1.300888] (wave_rover_description) StdoutLine: {'line': b'-- Up-to-date: /home/louise/Development/wave_rover_gazebo_ws/install/wave_rover_description/share/wave_rover_description/urdf/models/cone_yellow/thumbnails\n'}
[1.300923] (wave_rover_description) StdoutLine: {'line': b'-- Up-to-date: /home/louise/Development/wave_rover_gazebo_ws/install/wave_rover_description/share/wave_rover_description/urdf/models/cone_yellow/thumbnails/Screenshot from 2025-07-05 15-12-53.png\n'}
[1.300955] (wave_rover_description) StdoutLine: {'line': b'-- Up-to-date: /home/louise/Development/wave_rover_gazebo_ws/install/wave_rover_description/share/wave_rover_description/urdf/models/cone_yellow/model.config\n'}
[1.300986] (wave_rover_description) StdoutLine: {'line': b'-- Up-to-date: /home/louise/Development/wave_rover_gazebo_ws/install/wave_rover_description/share/wave_rover_description/urdf/models/cone_yellow/model.sdf\n'}
[1.301017] (wave_rover_description) StdoutLine: {'line': b'-- Up-to-date: /home/louise/Development/wave_rover_gazebo_ws/install/wave_rover_description/share/wave_rover_description/urdf/models/cone_orange\n'}
[1.301049] (wave_rover_description) StdoutLine: {'line': b'-- Up-to-date: /home/louise/Development/wave_rover_gazebo_ws/install/wave_rover_description/share/wave_rover_description/urdf/models/cone_orange/meshes\n'}
[1.301084] (wave_rover_description) StdoutLine: {'line': b'-- Up-to-date: /home/louise/Development/wave_rover_gazebo_ws/install/wave_rover_description/share/wave_rover_description/urdf/models/cone_orange/meshes/cone.stl\n'}
[1.301118] (wave_rover_description) StdoutLine: {'line': b'-- Up-to-date: /home/louise/Development/wave_rover_gazebo_ws/install/wave_rover_description/share/wave_rover_description/urdf/models/cone_orange/thumbnails\n'}
[1.301151] (wave_rover_description) StdoutLine: {'line': b'-- Up-to-date: /home/louise/Development/wave_rover_gazebo_ws/install/wave_rover_description/share/wave_rover_description/urdf/models/cone_orange/thumbnails/Screenshot from 2025-07-05 15-15-27.png\n'}
[1.301185] (wave_rover_description) StdoutLine: {'line': b'-- Up-to-date: /home/louise/Development/wave_rover_gazebo_ws/install/wave_rover_description/share/wave_rover_description/urdf/models/cone_orange/model.config\n'}
[1.301218] (wave_rover_description) StdoutLine: {'line': b'-- Up-to-date: /home/louise/Development/wave_rover_gazebo_ws/install/wave_rover_description/share/wave_rover_description/urdf/models/cone_orange/model.sdf\n'}
[1.301251] (wave_rover_description) StdoutLine: {'line': b'-- Up-to-date: /home/louise/Development/wave_rover_gazebo_ws/install/wave_rover_description/share/wave_rover_description/urdf/models/cone_red\n'}
[1.301284] (wave_rover_description) StdoutLine: {'line': b'-- Up-to-date: /home/louise/Development/wave_rover_gazebo_ws/install/wave_rover_description/share/wave_rover_description/urdf/models/cone_red/meshes\n'}
[1.301317] (wave_rover_description) StdoutLine: {'line': b'-- Up-to-date: /home/louise/Development/wave_rover_gazebo_ws/install/wave_rover_description/share/wave_rover_description/urdf/models/cone_red/meshes/cone.stl\n'}
[1.301350] (wave_rover_description) StdoutLine: {'line': b'-- Up-to-date: /home/louise/Development/wave_rover_gazebo_ws/install/wave_rover_description/share/wave_rover_description/urdf/models/cone_red/thumbnails\n'}
[1.301383] (wave_rover_description) StdoutLine: {'line': b'-- Up-to-date: /home/louise/Development/wave_rover_gazebo_ws/install/wave_rover_description/share/wave_rover_description/urdf/models/cone_red/thumbnails/Screenshot from 2025-07-05 15-17-11.png\n'}
[1.301436] (wave_rover_description) StdoutLine: {'line': b'-- Up-to-date: /home/louise/Development/wave_rover_gazebo_ws/install/wave_rover_description/share/wave_rover_description/urdf/models/cone_red/model.config\n'}
[1.301469] (wave_rover_description) StdoutLine: {'line': b'-- Up-to-date: /home/louise/Development/wave_rover_gazebo_ws/install/wave_rover_description/share/wave_rover_description/urdf/models/cone_red/model.sdf\n'}
[1.301499] (-) TimerEvent: {}
[1.301569] (wave_rover_description) StdoutLine: {'line': b'-- Installing: /home/louise/Development/wave_rover_gazebo_ws/install/wave_rover_description/share/wave_rover_description/models\n'}
[1.301610] (wave_rover_description) StdoutLine: {'line': b'-- Installing: /home/louise/Development/wave_rover_gazebo_ws/install/wave_rover_description/share/wave_rover_description/models/intel_realsense_d435\n'}
[1.301645] (wave_rover_description) StdoutLine: {'line': b'-- Installing: /home/louise/Development/wave_rover_gazebo_ws/install/wave_rover_description/share/wave_rover_description/models/intel_realsense_d435/meshes\n'}
[1.301690] (wave_rover_description) StdoutLine: {'line': b'-- Installing: /home/louise/Development/wave_rover_gazebo_ws/install/wave_rover_description/share/wave_rover_description/models/intel_realsense_d435/meshes/realsense.dae\n'}
[1.301723] (wave_rover_description) StdoutLine: {'line': b'-- Installing: /home/louise/Development/wave_rover_gazebo_ws/install/wave_rover_description/share/wave_rover_description/models/intel_realsense_d435/materials\n'}
[1.301760] (wave_rover_description) StdoutLine: {'line': b'-- Installing: /home/louise/Development/wave_rover_gazebo_ws/install/wave_rover_description/share/wave_rover_description/models/intel_realsense_d435/materials/textures\n'}
[1.301796] (wave_rover_description) StdoutLine: {'line': b'-- Installing: /home/louise/Development/wave_rover_gazebo_ws/install/wave_rover_description/share/wave_rover_description/models/intel_realsense_d435/materials/textures/RealSense_Albedo.png\n'}
[1.302175] (wave_rover_description) StdoutLine: {'line': b'-- Installing: /home/louise/Development/wave_rover_gazebo_ws/install/wave_rover_description/share/wave_rover_description/models/intel_realsense_d435/materials/textures/RealSense_Roughness.png\n'}
[1.304558] (wave_rover_description) StdoutLine: {'line': b'-- Installing: /home/louise/Development/wave_rover_gazebo_ws/install/wave_rover_description/share/wave_rover_description/models/intel_realsense_d435/materials/textures/RealSense_Normal.png\n'}
[1.305678] (wave_rover_description) StdoutLine: {'line': b'-- Installing: /home/louise/Development/wave_rover_gazebo_ws/install/wave_rover_description/share/wave_rover_description/models/intel_realsense_d435/materials/textures/RealSense_Metalness.png\n'}
[1.306679] (wave_rover_description) StdoutLine: {'line': b'-- Installing: /home/louise/Development/wave_rover_gazebo_ws/install/wave_rover_description/share/wave_rover_description/models/intel_realsense_d435/materials/scripts\n'}
[1.306885] (wave_rover_description) StdoutLine: {'line': b'-- Installing: /home/louise/Development/wave_rover_gazebo_ws/install/wave_rover_description/share/wave_rover_description/models/intel_realsense_d435/materials/scripts/model.material\n'}
[1.307177] (wave_rover_description) StdoutLine: {'line': b'-- Installing: /home/louise/Development/wave_rover_gazebo_ws/install/wave_rover_description/share/wave_rover_description/models/intel_realsense_d435/thumbnails\n'}
[1.307254] (wave_rover_description) StdoutLine: {'line': b'-- Installing: /home/louise/Development/wave_rover_gazebo_ws/install/wave_rover_description/share/wave_rover_description/models/intel_realsense_d435/thumbnails/4.png\n'}
[1.307541] (wave_rover_description) StdoutLine: {'line': b'-- Installing: /home/louise/Development/wave_rover_gazebo_ws/install/wave_rover_description/share/wave_rover_description/models/intel_realsense_d435/thumbnails/1.png\n'}
[1.307871] (wave_rover_description) StdoutLine: {'line': b'-- Installing: /home/louise/Development/wave_rover_gazebo_ws/install/wave_rover_description/share/wave_rover_description/models/intel_realsense_d435/thumbnails/3.png\n'}
[1.308267] (wave_rover_description) StdoutLine: {'line': b'-- Installing: /home/louise/Development/wave_rover_gazebo_ws/install/wave_rover_description/share/wave_rover_description/models/intel_realsense_d435/thumbnails/2.png\n'}
[1.308593] (wave_rover_description) StdoutLine: {'line': b'-- Installing: /home/louise/Development/wave_rover_gazebo_ws/install/wave_rover_description/share/wave_rover_description/models/intel_realsense_d435/model.config\n'}
[1.308878] (wave_rover_description) StdoutLine: {'line': b'-- Installing: /home/louise/Development/wave_rover_gazebo_ws/install/wave_rover_description/share/wave_rover_description/models/intel_realsense_d435/model.sdf\n'}
[1.309029] (wave_rover_description) StdoutLine: {'line': b'-- Installing: /home/louise/Development/wave_rover_gazebo_ws/install/wave_rover_description/share/wave_rover_description/models/cone_blue\n'}
[1.309111] (wave_rover_description) StdoutLine: {'line': b'-- Installing: /home/louise/Development/wave_rover_gazebo_ws/install/wave_rover_description/share/wave_rover_description/models/cone_blue/meshes\n'}
[1.309175] (wave_rover_description) StdoutLine: {'line': b'-- Installing: /home/louise/Development/wave_rover_gazebo_ws/install/wave_rover_description/share/wave_rover_description/models/cone_blue/meshes/cone.stl\n'}
[1.310408] (wave_rover_description) StdoutLine: {'line': b'-- Installing: /home/louise/Development/wave_rover_gazebo_ws/install/wave_rover_description/share/wave_rover_description/models/cone_blue/thumbnails\n'}
[1.310477] (wave_rover_description) StdoutLine: {'line': b'-- Installing: /home/louise/Development/wave_rover_gazebo_ws/install/wave_rover_description/share/wave_rover_description/models/cone_blue/thumbnails/Screenshot from 2025-07-05 15-09-02.png\n'}
[1.310976] (wave_rover_description) StdoutLine: {'line': b'-- Installing: /home/louise/Development/wave_rover_gazebo_ws/install/wave_rover_description/share/wave_rover_description/models/cone_blue/model.config\n'}
[1.311217] (wave_rover_description) StdoutLine: {'line': b'-- Installing: /home/louise/Development/wave_rover_gazebo_ws/install/wave_rover_description/share/wave_rover_description/models/cone_blue/model.sdf\n'}
[1.311347] (wave_rover_description) StdoutLine: {'line': b'-- Installing: /home/louise/Development/wave_rover_gazebo_ws/install/wave_rover_description/share/wave_rover_description/models/cone_yellow\n'}
[1.311475] (wave_rover_description) StdoutLine: {'line': b'-- Installing: /home/louise/Development/wave_rover_gazebo_ws/install/wave_rover_description/share/wave_rover_description/models/cone_yellow/meshes\n'}
[1.311557] (wave_rover_description) StdoutLine: {'line': b'-- Installing: /home/louise/Development/wave_rover_gazebo_ws/install/wave_rover_description/share/wave_rover_description/models/cone_yellow/meshes/cone.stl\n'}
[1.312661] (wave_rover_description) StdoutLine: {'line': b'-- Installing: /home/louise/Development/wave_rover_gazebo_ws/install/wave_rover_description/share/wave_rover_description/models/cone_yellow/thumbnails\n'}
[1.312732] (wave_rover_description) StdoutLine: {'line': b'-- Installing: /home/louise/Development/wave_rover_gazebo_ws/install/wave_rover_description/share/wave_rover_description/models/cone_yellow/thumbnails/Screenshot from 2025-07-05 15-12-53.png\n'}
[1.313081] (wave_rover_description) StdoutLine: {'line': b'-- Installing: /home/louise/Development/wave_rover_gazebo_ws/install/wave_rover_description/share/wave_rover_description/models/cone_yellow/model.config\n'}
[1.313251] (wave_rover_description) StdoutLine: {'line': b'-- Installing: /home/louise/Development/wave_rover_gazebo_ws/install/wave_rover_description/share/wave_rover_description/models/cone_yellow/model.sdf\n'}
[1.313341] (wave_rover_description) StdoutLine: {'line': b'-- Installing: /home/louise/Development/wave_rover_gazebo_ws/install/wave_rover_description/share/wave_rover_description/models/cone_orange\n'}
[1.313404] (wave_rover_description) StdoutLine: {'line': b'-- Installing: /home/louise/Development/wave_rover_gazebo_ws/install/wave_rover_description/share/wave_rover_description/models/cone_orange/meshes\n'}
[1.313463] (wave_rover_description) StdoutLine: {'line': b'-- Installing: /home/louise/Development/wave_rover_gazebo_ws/install/wave_rover_description/share/wave_rover_description/models/cone_orange/meshes/cone.stl\n'}
[1.314514] (wave_rover_description) StdoutLine: {'line': b'-- Installing: /home/louise/Development/wave_rover_gazebo_ws/install/wave_rover_description/share/wave_rover_description/models/cone_orange/thumbnails\n'}
[1.314578] (wave_rover_description) StdoutLine: {'line': b'-- Installing: /home/louise/Development/wave_rover_gazebo_ws/install/wave_rover_description/share/wave_rover_description/models/cone_orange/thumbnails/Screenshot from 2025-07-05 15-15-27.png\n'}
[1.314876] (wave_rover_description) StdoutLine: {'line': b'-- Installing: /home/louise/Development/wave_rover_gazebo_ws/install/wave_rover_description/share/wave_rover_description/models/cone_orange/model.config\n'}
[1.315028] (wave_rover_description) StdoutLine: {'line': b'-- Installing: /home/louise/Development/wave_rover_gazebo_ws/install/wave_rover_description/share/wave_rover_description/models/cone_orange/model.sdf\n'}
[1.315174] (wave_rover_description) StdoutLine: {'line': b'-- Installing: /home/louise/Development/wave_rover_gazebo_ws/install/wave_rover_description/share/wave_rover_description/models/cone_red\n'}
[1.315239] (wave_rover_description) StdoutLine: {'line': b'-- Installing: /home/louise/Development/wave_rover_gazebo_ws/install/wave_rover_description/share/wave_rover_description/models/cone_red/meshes\n'}
[1.315299] (wave_rover_description) StdoutLine: {'line': b'-- Installing: /home/louise/Development/wave_rover_gazebo_ws/install/wave_rover_description/share/wave_rover_description/models/cone_red/meshes/cone.stl\n'}
[1.316355] (wave_rover_description) StdoutLine: {'line': b'-- Installing: /home/louise/Development/wave_rover_gazebo_ws/install/wave_rover_description/share/wave_rover_description/models/cone_red/thumbnails\n'}
[1.316421] (wave_rover_description) StdoutLine: {'line': b'-- Installing: /home/louise/Development/wave_rover_gazebo_ws/install/wave_rover_description/share/wave_rover_description/models/cone_red/thumbnails/Screenshot from 2025-07-05 15-17-11.png\n'}
[1.316722] (wave_rover_description) StdoutLine: {'line': b'-- Installing: /home/louise/Development/wave_rover_gazebo_ws/install/wave_rover_description/share/wave_rover_description/models/cone_red/model.config\n'}
[1.316893] (wave_rover_description) StdoutLine: {'line': b'-- Installing: /home/louise/Development/wave_rover_gazebo_ws/install/wave_rover_description/share/wave_rover_description/models/cone_red/model.sdf\n'}
[1.317040] (wave_rover_description) StdoutLine: {'line': b'-- Installing: /home/louise/Development/wave_rover_gazebo_ws/install/wave_rover_description/share/wave_rover_description/worlds\n'}
[1.317138] (wave_rover_description) StdoutLine: {'line': b'-- Installing: /home/louise/Development/wave_rover_gazebo_ws/install/wave_rover_description/share/wave_rover_description/worlds/oasis_fortress.sdf\n'}
[1.317225] (wave_rover_description) StdoutLine: {'line': b'-- Installing: /home/louise/Development/wave_rover_gazebo_ws/install/wave_rover_description/share/wave_rover_description/worlds/circuit1.sdf\n'}
[1.317327] (wave_rover_description) StdoutLine: {'line': b'-- Installing: /home/louise/Development/wave_rover_gazebo_ws/install/wave_rover_description/share/wave_rover_description/worlds/small_circle.world\n'}
[1.318329] (wave_rover_description) StdoutLine: {'line': b'-- Installing: /home/louise/Development/wave_rover_gazebo_ws/install/wave_rover_description/share/wave_rover_description/worlds/small_track_bean.world\n'}
[1.319356] (wave_rover_description) StdoutLine: {'line': b'-- Installing: /home/louise/Development/wave_rover_gazebo_ws/install/wave_rover_description/share/wave_rover_description/worlds/wave_rover_world.sdf\n'}
[1.319602] (wave_rover_description) StdoutLine: {'line': b'-- Installing: /home/louise/Development/wave_rover_gazebo_ws/install/wave_rover_description/share/wave_rover_description/worlds/start.sdf\n'}
[1.319845] (wave_rover_description) StdoutLine: {'line': b'-- Installing: /home/louise/Development/wave_rover_gazebo_ws/install/wave_rover_description/share/wave_rover_description/worlds/squidge_fortress.sdf\n'}
[1.320401] (wave_rover_description) StdoutLine: {'line': b'-- Installing: /home/louise/Development/wave_rover_gazebo_ws/install/wave_rover_description/share/wave_rover_description/worlds/fortress_test.sdf\n'}
[1.320664] (wave_rover_description) StdoutLine: {'line': b'-- Installing: /home/louise/Development/wave_rover_gazebo_ws/install/wave_rover_description/share/wave_rover_description/worlds/test_world.sdf\n'}
[1.320918] (wave_rover_description) StdoutLine: {'line': b'-- Installing: /home/louise/Development/wave_rover_gazebo_ws/install/wave_rover_description/share/wave_rover_description/worlds/oasis.world\n'}
[1.322059] (wave_rover_description) StdoutLine: {'line': b'-- Installing: /home/louise/Development/wave_rover_gazebo_ws/install/wave_rover_description/share/wave_rover_description/worlds/circuit1_plugins.sdf\n'}
[1.322181] (wave_rover_description) StdoutLine: {'line': b'-- Installing: /home/louise/Development/wave_rover_gazebo_ws/install/wave_rover_description/share/wave_rover_description/worlds/simple_rover_world.sdf\n'}
[1.322609] (wave_rover_description) StdoutLine: {'line': b'-- Installing: /home/louise/Development/wave_rover_gazebo_ws/install/wave_rover_description/share/wave_rover_description/worlds/models\n'}
[1.322703] (wave_rover_description) StdoutLine: {'line': b'-- Installing: /home/louise/Development/wave_rover_gazebo_ws/install/wave_rover_description/share/wave_rover_description/worlds/models/cone_blue\n'}
[1.322840] (wave_rover_description) StdoutLine: {'line': b'-- Installing: /home/louise/Development/wave_rover_gazebo_ws/install/wave_rover_description/share/wave_rover_description/worlds/models/cone_blue/meshes\n'}
[1.322918] (wave_rover_description) StdoutLine: {'line': b'-- Installing: /home/louise/Development/wave_rover_gazebo_ws/install/wave_rover_description/share/wave_rover_description/worlds/models/cone_blue/meshes/cone.stl\n'}
[1.324051] (wave_rover_description) StdoutLine: {'line': b'-- Installing: /home/louise/Development/wave_rover_gazebo_ws/install/wave_rover_description/share/wave_rover_description/worlds/models/cone_blue/thumbnails\n'}
[1.324132] (wave_rover_description) StdoutLine: {'line': b'-- Installing: /home/louise/Development/wave_rover_gazebo_ws/install/wave_rover_description/share/wave_rover_description/worlds/models/cone_blue/thumbnails/Screenshot from 2025-07-05 15-09-02.png\n'}
[1.324413] (wave_rover_description) StdoutLine: {'line': b'-- Installing: /home/louise/Development/wave_rover_gazebo_ws/install/wave_rover_description/share/wave_rover_description/worlds/models/cone_blue/model.config\n'}
[1.324638] (wave_rover_description) StdoutLine: {'line': b'-- Installing: /home/louise/Development/wave_rover_gazebo_ws/install/wave_rover_description/share/wave_rover_description/worlds/models/cone_blue/model.sdf\n'}
[1.324797] (wave_rover_description) StdoutLine: {'line': b'-- Installing: /home/louise/Development/wave_rover_gazebo_ws/install/wave_rover_description/share/wave_rover_description/worlds/models/cone_yellow\n'}
[1.324877] (wave_rover_description) StdoutLine: {'line': b'-- Installing: /home/louise/Development/wave_rover_gazebo_ws/install/wave_rover_description/share/wave_rover_description/worlds/models/cone_yellow/meshes\n'}
[1.324946] (wave_rover_description) StdoutLine: {'line': b'-- Installing: /home/louise/Development/wave_rover_gazebo_ws/install/wave_rover_description/share/wave_rover_description/worlds/models/cone_yellow/meshes/cone.stl\n'}
[1.326378] (wave_rover_description) StdoutLine: {'line': b'-- Installing: /home/louise/Development/wave_rover_gazebo_ws/install/wave_rover_description/share/wave_rover_description/worlds/models/cone_yellow/thumbnails\n'}
[1.326527] (wave_rover_description) StdoutLine: {'line': b'-- Installing: /home/louise/Development/wave_rover_gazebo_ws/install/wave_rover_description/share/wave_rover_description/worlds/models/cone_yellow/thumbnails/Screenshot from 2025-07-05 15-12-53.png\n'}
[1.326643] (wave_rover_description) StdoutLine: {'line': b'-- Installing: /home/louise/Development/wave_rover_gazebo_ws/install/wave_rover_description/share/wave_rover_description/worlds/models/cone_yellow/model.config\n'}
[1.326756] (wave_rover_description) StdoutLine: {'line': b'-- Installing: /home/louise/Development/wave_rover_gazebo_ws/install/wave_rover_description/share/wave_rover_description/worlds/models/cone_yellow/model.sdf\n'}
[1.326898] (wave_rover_description) StdoutLine: {'line': b'-- Installing: /home/louise/Development/wave_rover_gazebo_ws/install/wave_rover_description/share/wave_rover_description/worlds/models/cone_orange\n'}
[1.326970] (wave_rover_description) StdoutLine: {'line': b'-- Installing: /home/louise/Development/wave_rover_gazebo_ws/install/wave_rover_description/share/wave_rover_description/worlds/models/cone_orange/meshes\n'}
[1.327032] (wave_rover_description) StdoutLine: {'line': b'-- Installing: /home/louise/Development/wave_rover_gazebo_ws/install/wave_rover_description/share/wave_rover_description/worlds/models/cone_orange/meshes/cone.stl\n'}
[1.328340] (wave_rover_description) StdoutLine: {'line': b'-- Installing: /home/louise/Development/wave_rover_gazebo_ws/install/wave_rover_description/share/wave_rover_description/worlds/models/cone_orange/thumbnails\n'}
[1.328422] (wave_rover_description) StdoutLine: {'line': b'-- Installing: /home/louise/Development/wave_rover_gazebo_ws/install/wave_rover_description/share/wave_rover_description/worlds/models/cone_orange/thumbnails/Screenshot from 2025-07-05 15-15-27.png\n'}
[1.328766] (wave_rover_description) StdoutLine: {'line': b'-- Installing: /home/louise/Development/wave_rover_gazebo_ws/install/wave_rover_description/share/wave_rover_description/worlds/models/cone_orange/model.config\n'}
[1.328944] (wave_rover_description) StdoutLine: {'line': b'-- Installing: /home/louise/Development/wave_rover_gazebo_ws/install/wave_rover_description/share/wave_rover_description/worlds/models/cone_orange/model.sdf\n'}
[1.329085] (wave_rover_description) StdoutLine: {'line': b'-- Installing: /home/louise/Development/wave_rover_gazebo_ws/install/wave_rover_description/share/wave_rover_description/worlds/models/cone_red\n'}
[1.329192] (wave_rover_description) StdoutLine: {'line': b'-- Installing: /home/louise/Development/wave_rover_gazebo_ws/install/wave_rover_description/share/wave_rover_description/worlds/models/cone_red/meshes\n'}
[1.329305] (wave_rover_description) StdoutLine: {'line': b'-- Installing: /home/louise/Development/wave_rover_gazebo_ws/install/wave_rover_description/share/wave_rover_description/worlds/models/cone_red/meshes/cone.stl\n'}
[1.330339] (wave_rover_description) StdoutLine: {'line': b'-- Installing: /home/louise/Development/wave_rover_gazebo_ws/install/wave_rover_description/share/wave_rover_description/worlds/models/cone_red/thumbnails\n'}
[1.330428] (wave_rover_description) StdoutLine: {'line': b'-- Installing: /home/louise/Development/wave_rover_gazebo_ws/install/wave_rover_description/share/wave_rover_description/worlds/models/cone_red/thumbnails/Screenshot from 2025-07-05 15-17-11.png\n'}
[1.330898] (wave_rover_description) StdoutLine: {'line': b'-- Installing: /home/louise/Development/wave_rover_gazebo_ws/install/wave_rover_description/share/wave_rover_description/worlds/models/cone_red/model.config\n'}
[1.331057] (wave_rover_description) StdoutLine: {'line': b'-- Installing: /home/louise/Development/wave_rover_gazebo_ws/install/wave_rover_description/share/wave_rover_description/worlds/models/cone_red/model.sdf\n'}
[1.331227] (wave_rover_description) StdoutLine: {'line': b'-- Installing: /home/louise/Development/wave_rover_gazebo_ws/install/wave_rover_description/share/wave_rover_description/worlds/empty.world\n'}
[1.331467] (wave_rover_description) StdoutLine: {'line': b'-- Up-to-date: /home/louise/Development/wave_rover_gazebo_ws/install/wave_rover_description/share/wave_rover_description/worlds/models\n'}
[1.331584] (wave_rover_description) StdoutLine: {'line': b'-- Up-to-date: /home/louise/Development/wave_rover_gazebo_ws/install/wave_rover_description/share/wave_rover_description/worlds/models/cone_blue\n'}
[1.331658] (wave_rover_description) StdoutLine: {'line': b'-- Up-to-date: /home/louise/Development/wave_rover_gazebo_ws/install/wave_rover_description/share/wave_rover_description/worlds/models/cone_blue/meshes\n'}
[1.331727] (wave_rover_description) StdoutLine: {'line': b'-- Up-to-date: /home/louise/Development/wave_rover_gazebo_ws/install/wave_rover_description/share/wave_rover_description/worlds/models/cone_blue/meshes/cone.stl\n'}
[1.331877] (wave_rover_description) StdoutLine: {'line': b'-- Up-to-date: /home/louise/Development/wave_rover_gazebo_ws/install/wave_rover_description/share/wave_rover_description/worlds/models/cone_blue/thumbnails\n'}
[1.331951] (wave_rover_description) StdoutLine: {'line': b'-- Up-to-date: /home/louise/Development/wave_rover_gazebo_ws/install/wave_rover_description/share/wave_rover_description/worlds/models/cone_blue/thumbnails/Screenshot from 2025-07-05 15-09-02.png\n'}
[1.332019] (wave_rover_description) StdoutLine: {'line': b'-- Up-to-date: /home/louise/Development/wave_rover_gazebo_ws/install/wave_rover_description/share/wave_rover_description/worlds/models/cone_blue/model.config\n'}
[1.332088] (wave_rover_description) StdoutLine: {'line': b'-- Up-to-date: /home/louise/Development/wave_rover_gazebo_ws/install/wave_rover_description/share/wave_rover_description/worlds/models/cone_blue/model.sdf\n'}
[1.332157] (wave_rover_description) StdoutLine: {'line': b'-- Up-to-date: /home/louise/Development/wave_rover_gazebo_ws/install/wave_rover_description/share/wave_rover_description/worlds/models/cone_yellow\n'}
[1.332229] (wave_rover_description) StdoutLine: {'line': b'-- Up-to-date: /home/louise/Development/wave_rover_gazebo_ws/install/wave_rover_description/share/wave_rover_description/worlds/models/cone_yellow/meshes\n'}
[1.332299] (wave_rover_description) StdoutLine: {'line': b'-- Up-to-date: /home/louise/Development/wave_rover_gazebo_ws/install/wave_rover_description/share/wave_rover_description/worlds/models/cone_yellow/meshes/cone.stl\n'}
[1.332333] (wave_rover_description) StdoutLine: {'line': b'-- Up-to-date: /home/louise/Development/wave_rover_gazebo_ws/install/wave_rover_description/share/wave_rover_description/worlds/models/cone_yellow/thumbnails\n'}
[1.332367] (wave_rover_description) StdoutLine: {'line': b'-- Up-to-date: /home/louise/Development/wave_rover_gazebo_ws/install/wave_rover_description/share/wave_rover_description/worlds/models/cone_yellow/thumbnails/Screenshot from 2025-07-05 15-12-53.png\n'}
[1.332402] (wave_rover_description) StdoutLine: {'line': b'-- Up-to-date: /home/louise/Development/wave_rover_gazebo_ws/install/wave_rover_description/share/wave_rover_description/worlds/models/cone_yellow/model.config\n'}
[1.332436] (wave_rover_description) StdoutLine: {'line': b'-- Up-to-date: /home/louise/Development/wave_rover_gazebo_ws/install/wave_rover_description/share/wave_rover_description/worlds/models/cone_yellow/model.sdf\n'}
[1.332482] (wave_rover_description) StdoutLine: {'line': b'-- Up-to-date: /home/louise/Development/wave_rover_gazebo_ws/install/wave_rover_description/share/wave_rover_description/worlds/models/cone_orange\n'}
[1.332519] (wave_rover_description) StdoutLine: {'line': b'-- Up-to-date: /home/louise/Development/wave_rover_gazebo_ws/install/wave_rover_description/share/wave_rover_description/worlds/models/cone_orange/meshes\n'}
[1.332553] (wave_rover_description) StdoutLine: {'line': b'-- Up-to-date: /home/louise/Development/wave_rover_gazebo_ws/install/wave_rover_description/share/wave_rover_description/worlds/models/cone_orange/meshes/cone.stl\n'}
[1.332622] (wave_rover_description) StdoutLine: {'line': b'-- Up-to-date: /home/louise/Development/wave_rover_gazebo_ws/install/wave_rover_description/share/wave_rover_description/worlds/models/cone_orange/thumbnails\n'}
[1.332662] (wave_rover_description) StdoutLine: {'line': b'-- Up-to-date: /home/louise/Development/wave_rover_gazebo_ws/install/wave_rover_description/share/wave_rover_description/worlds/models/cone_orange/thumbnails/Screenshot from 2025-07-05 15-15-27.png\n'}
[1.332703] (wave_rover_description) StdoutLine: {'line': b'-- Up-to-date: /home/louise/Development/wave_rover_gazebo_ws/install/wave_rover_description/share/wave_rover_description/worlds/models/cone_orange/model.config\n'}
[1.332743] (wave_rover_description) StdoutLine: {'line': b'-- Up-to-date: /home/louise/Development/wave_rover_gazebo_ws/install/wave_rover_description/share/wave_rover_description/worlds/models/cone_orange/model.sdf\n'}
[1.332795] (wave_rover_description) StdoutLine: {'line': b'-- Up-to-date: /home/louise/Development/wave_rover_gazebo_ws/install/wave_rover_description/share/wave_rover_description/worlds/models/cone_red\n'}
[1.332828] (wave_rover_description) StdoutLine: {'line': b'-- Up-to-date: /home/louise/Development/wave_rover_gazebo_ws/install/wave_rover_description/share/wave_rover_description/worlds/models/cone_red/meshes\n'}
[1.332862] (wave_rover_description) StdoutLine: {'line': b'-- Up-to-date: /home/louise/Development/wave_rover_gazebo_ws/install/wave_rover_description/share/wave_rover_description/worlds/models/cone_red/meshes/cone.stl\n'}
[1.332897] (wave_rover_description) StdoutLine: {'line': b'-- Up-to-date: /home/louise/Development/wave_rover_gazebo_ws/install/wave_rover_description/share/wave_rover_description/worlds/models/cone_red/thumbnails\n'}
[1.332930] (wave_rover_description) StdoutLine: {'line': b'-- Up-to-date: /home/louise/Development/wave_rover_gazebo_ws/install/wave_rover_description/share/wave_rover_description/worlds/models/cone_red/thumbnails/Screenshot from 2025-07-05 15-17-11.png\n'}
[1.332963] (wave_rover_description) StdoutLine: {'line': b'-- Up-to-date: /home/louise/Development/wave_rover_gazebo_ws/install/wave_rover_description/share/wave_rover_description/worlds/models/cone_red/model.config\n'}
[1.332996] (wave_rover_description) StdoutLine: {'line': b'-- Up-to-date: /home/louise/Development/wave_rover_gazebo_ws/install/wave_rover_description/share/wave_rover_description/worlds/models/cone_red/model.sdf\n'}
[1.333028] (wave_rover_description) StdoutLine: {'line': b'-- Installing: /home/louise/Development/wave_rover_gazebo_ws/install/wave_rover_description/share/ament_index/resource_index/package_run_dependencies/wave_rover_description\n'}
[1.333061] (wave_rover_description) StdoutLine: {'line': b'-- Installing: /home/louise/Development/wave_rover_gazebo_ws/install/wave_rover_description/share/ament_index/resource_index/parent_prefix_path/wave_rover_description\n'}
[1.333093] (wave_rover_description) StdoutLine: {'line': b'-- Installing: /home/louise/Development/wave_rover_gazebo_ws/install/wave_rover_description/share/wave_rover_description/environment/ament_prefix_path.sh\n'}
[1.333126] (wave_rover_description) StdoutLine: {'line': b'-- Installing: /home/louise/Development/wave_rover_gazebo_ws/install/wave_rover_description/share/wave_rover_description/environment/ament_prefix_path.dsv\n'}
[1.333181] (wave_rover_description) StdoutLine: {'line': b'-- Installing: /home/louise/Development/wave_rover_gazebo_ws/install/wave_rover_description/share/wave_rover_description/environment/path.sh\n'}
[1.333217] (wave_rover_description) StdoutLine: {'line': b'-- Installing: /home/louise/Development/wave_rover_gazebo_ws/install/wave_rover_description/share/wave_rover_description/environment/path.dsv\n'}
[1.333251] (wave_rover_description) StdoutLine: {'line': b'-- Installing: /home/louise/Development/wave_rover_gazebo_ws/install/wave_rover_description/share/wave_rover_description/local_setup.bash\n'}
[1.333297] (wave_rover_description) StdoutLine: {'line': b'-- Installing: /home/louise/Development/wave_rover_gazebo_ws/install/wave_rover_description/share/wave_rover_description/local_setup.sh\n'}
[1.333350] (wave_rover_description) StdoutLine: {'line': b'-- Installing: /home/louise/Development/wave_rover_gazebo_ws/install/wave_rover_description/share/wave_rover_description/local_setup.zsh\n'}
[1.333463] (wave_rover_description) StdoutLine: {'line': b'-- Installing: /home/louise/Development/wave_rover_gazebo_ws/install/wave_rover_description/share/wave_rover_description/local_setup.dsv\n'}
[1.333591] (wave_rover_description) StdoutLine: {'line': b'-- Installing: /home/louise/Development/wave_rover_gazebo_ws/install/wave_rover_description/share/wave_rover_description/package.dsv\n'}
[1.333770] (wave_rover_description) StdoutLine: {'line': b'-- Installing: /home/louise/Development/wave_rover_gazebo_ws/install/wave_rover_description/share/ament_index/resource_index/packages/wave_rover_description\n'}
[1.333922] (wave_rover_description) StdoutLine: {'line': b'-- Installing: /home/louise/Development/wave_rover_gazebo_ws/install/wave_rover_description/share/wave_rover_description/cmake/wave_rover_descriptionConfig.cmake\n'}
[1.334019] (wave_rover_description) StdoutLine: {'line': b'-- Installing: /home/louise/Development/wave_rover_gazebo_ws/install/wave_rover_description/share/wave_rover_description/cmake/wave_rover_descriptionConfig-version.cmake\n'}
[1.334144] (wave_rover_description) StdoutLine: {'line': b'-- Installing: /home/louise/Development/wave_rover_gazebo_ws/install/wave_rover_description/share/wave_rover_description/package.xml\n'}
[1.336397] (wave_rover_description) CommandEnded: {'returncode': 0}
[1.343954] (wave_rover_description) JobEnded: {'identifier': 'wave_rover_description', 'rc': 0}
[1.344615] (-) EventReactorShutdown: {}
